,timestamp,arm_dist,door_dist,floor_dist,rope_mfl,bearing_temp,dsi
0,2026-06-01 00:00:00,0.025739992534469337,0.0,0.0,0.0,36.29036673035813,0.07444959436533277
1,2026-06-01 01:00:00,0.0,0.2545109589103081,1.0112801793415485,6.349029944810494,32.0,0.7195992620728633
2,2026-06-01 02:00:00,0.0,0.23849316311195667,0.0,0.0,34.636776462840935,0.06369346616021239
3,2026-06-01 03:00:00,0.0,0.9838181437001711,0.0,0.0,32.0,0.07156938285477296
4,2026-06-01 04:00:00,0.004181831497490613,0.0,1.1399020466381915,0.0,32.6166672612673,0.08666326045080125
5,2026-06-01 05:00:00,0.09189040374173414,0.0,0.3087062699036879,2.1481442908619957,36.61658066879205,0.3280750770427482
6,2026-06-01 06:00:00,0.0,0.43642470681745116,0.0,1.1442262600033122,32.0,0.17686878490705885
7,2026-06-01 07:00:00,0.1707659840903104,0.0,0.742922382041976,0.0,40.24770345075757,0.1667807212876712
8,2026-06-01 08:00:00,0.12767715188090242,0.5508275917246825,0.4635094356192951,11.609241318828735,32.0,1.2957926576812615
9,2026-06-01 09:00:00,0.0,0.0,0.5181994266784367,0.0,37.830834336053805,0.078180562108433
10,2026-06-01 10:00:00,0.0,0.0,0.0,0.0,32.0,0.05517241379310345
11,2026-06-01 11:00:00,0.05905176545624453,0.4854787655548684,0.547322829747826,0.0,34.4868772865999,0.10848917773550708
12,2026-06-01 12:00:00,0.008853901826888638,0.4107659538212622,0.29659774620532253,0.8680643291218896,32.0,0.1603263058185746
13,2026-06-01 13:00:00,0.0,0.12585490673539396,0.0,0.0,32.0,0.05726999557202668
14,2026-06-01 14:00:00,0.0,0.3287677044135656,1.13105756337976,0.0,33.0856852042073,0.09080018565956027
15,2026-06-01 15:00:00,0.0,0.034966905516703846,0.0,4.685294143829993,38.162264558618695,0.5349092040012985
16,2026-06-01 16:00:00,0.027392926880921153,0.029420656614498976,0.6921231051972117,1.454513809871448,40.95998586594521,0.24650835750975175
17,2026-06-01 17:00:00,0.0,0.983068783831216,0.0,0.0,33.24012224886533,0.07369503533201222
18,2026-06-01 18:00:00,0.0,0.38196974750210944,0.0,2.061775524162637,32.0,0.26771612866773564
19,2026-06-01 19:00:00,0.0,0.15138255060676445,0.023238381115315773,8.617733014086944,36.56516524748502,0.9279206918044229
20,2026-06-01 20:00:00,0.034256428090393046,0.0,0.3127058391963432,6.875146020302793,32.0,0.7663153209219342
21,2026-06-01 21:00:00,0.0,0.0,0.0,0.0,34.32894156479646,0.059187830284131826
22,2026-06-01 22:00:00,0.00025442837064469995,0.06625841511131057,0.0,5.859570470215049,32.0,0.6423511962118893
23,2026-06-01 23:00:00,0.008559768392277824,0.4227779247091035,0.05245649671214288,0.34463577223934583,32.0,0.10194436451489078
24,2026-06-02 00:00:00,0.0,0.48917540375476615,0.0,0.04318808817763109,32.0,0.06764414600677933
25,2026-06-02 01:00:00,0.01033046133966459,1.0220072816797043,0.0,8.314928448601375,39.65432138464144,0.9216637244171827
26,2026-06-02 02:00:00,0.02104518735096978,0.18438623879164667,0.2513119155402508,0.0,37.373082723399094,0.08350541478422421
27,2026-06-02 03:00:00,0.0,0.16412116775853472,0.0,0.0,37.00049681519709,0.06652931282217746
28,2026-06-02 04:00:00,0.0,0.31864921302734284,0.0,5.922973077862864,40.70083095547194,0.6677819744783604
29,2026-06-02 05:00:00,0.037901380760345785,0.14964962510472118,0.19945416827466067,0.8997205962247242,40.455505137204305,0.18469639014027872
30,2026-06-02 06:00:00,0.27131980186357807,0.0,0.0,7.857514987099798,32.0,0.9661484364401192
31,2026-06-02 07:00:00,0.0,1.2256023844249144,0.054459779469692965,0.0,32.12529244478333,0.07717663614345066
32,2026-06-02 08:00:00,0.08035629516306392,0.0,1.084972390071436,4.876342731124317,34.49655439671605,0.6113229216340811
33,2026-06-02 09:00:00,0.0,0.23287847002983642,0.7259431590455314,14.233046476514373,42.385508538461636,1.518412997458754
34,2026-06-02 10:00:00,0.12490135981837783,0.20568953694036196,0.8263911942081996,0.0,36.58719469497604,0.14481609042259874
35,2026-06-02 11:00:00,0.14137514839409623,0.49297017919259306,0.0,0.0,37.52137193715165,0.1381582587240887
36,2026-06-02 12:00:00,0.038463643962491516,0.6599948842802019,0.2514447308815935,0.0,40.36976551898769,0.10464152806790933
37,2026-06-02 13:00:00,0.1253257797529067,0.0,0.0,1.9338953501096001,34.85992177231521,0.3113355159897681
38,2026-06-02 14:00:00,0.007690383907924904,0.6177995824542202,1.2426103185916104,0.0,34.93463334084338,0.10514345207959436
39,2026-06-02 15:00:00,0.024545177493636744,0.31389659741597736,0.0,3.6913160583665636,35.54183841185315,0.44697079099676523
40,2026-06-02 16:00:00,0.2316677142715433,0.40907206225602544,0.0,0.0,34.95472086575531,0.1740081882506583
41,2026-06-02 17:00:00,0.0,0.010247989155361903,0.4262290072190842,2.5987001239537557,36.500058144310486,0.3336276721266785
42,2026-06-02 18:00:00,0.16839292159555916,0.43147784653852267,1.6163234611801856,2.265007958540897,33.58218571513714,0.40972030999159653
43,2026-06-02 19:00:00,0.0,0.0,0.7191714601401263,4.737717198721113,35.254284148114124,0.5525342549068457
44,2026-06-02 20:00:00,0.00811767413404732,0.0,0.18876065446469625,2.1452226483119063,32.0,0.27816031381701023
45,2026-06-02 21:00:00,0.1037693107136716,0.0,0.44661416572449886,1.3390083815354716,37.335370358904306,0.25733104852336164
46,2026-06-02 22:00:00,0.0,1.0959057905764058,0.643351795674764,4.774303079540735,35.06643308587627,0.5722385667449912
47,2026-06-02 23:00:00,0.025113453413782526,0.6974323770836284,0.9416314696957542,8.632820072209997,35.81528573037812,0.9717879842058853
48,2026-06-03 00:00:00,0.03900346817264375,0.4255401088409212,0.16577621989753488,0.0,36.9656292609843,0.0929721848932746
49,2026-06-03 01:00:00,0.08136004290438045,0.5272687551744986,0.2650793933645319,0.0,38.7157745106999,0.11971692181642161
50,2026-06-03 02:00:00,0.07482199541882759,0.0,0.7834424090468644,5.5352603365973945,36.09622040701812,0.6698801853114754
51,2026-06-03 03:00:00,0.0,0.0,0.5324356950147094,0.0,35.02113488505375,0.07369215941856386
52,2026-06-03 04:00:00,0.0,0.6932967921823717,0.0,1.5672056011741902,38.253753896221845,0.2342302547507261
53,2026-06-03 05:00:00,0.09799913185284895,0.5282097733914668,0.0,0.0,32.8412231639323,0.11065666332916382
54,2026-06-03 06:00:00,0.0,0.0,0.5730394761835385,7.772943179507735,33.79292118261381,0.849883962066765
55,2026-06-03 07:00:00,0.11485230238012292,0.5662234176058014,0.0,1.337314394578327,36.9438876739429,0.25987360942112375
56,2026-06-03 08:00:00,0.11280469401263489,0.3581910503623582,0.0,11.098912680199785,38.767269661824955,1.2347649438948542
57,2026-06-03 09:00:00,0.0,0.0,0.0,0.2262609651568337,33.51243023289197,0.0804061486413592
58,2026-06-03 10:00:00,0.0,0.0,0.6362087622144906,0.0,39.688832648197206,0.08433424086259883
59,2026-06-03 11:00:00,0.10885345370507207,0.0,0.1284549450779176,6.594987301084055,37.86969672797484,0.7782427398570144
60,2026-06-03 12:00:00,0.1282985337514546,0.866853575726577,0.0,0.0,38.61324979524463,0.14023683609322043
61,2026-06-03 13:00:00,0.013995440499619063,0.4955075295177518,1.108102896969379,1.0922896703739586,38.31731484474996,0.21771376830289751
62,2026-06-03 14:00:00,0.029717285984822896,0.0,0.0,1.0395659308827543,34.98859602158702,0.17799742909726943
63,2026-06-03 15:00:00,0.12211564411573653,0.8759793213215394,0.03652438610894537,7.4644738140415425,34.74015938214005,0.8782180394481233
64,2026-06-03 16:00:00,0.0734825201803718,0.14248356651818686,0.0,0.0,32.0,0.09146214921575765
65,2026-06-03 17:00:00,0.12483770663549443,1.0259245074877208,0.8505831641378772,0.6667953747511155,41.062784554934176,0.2334581658376153
66,2026-06-03 18:00:00,0.0,0.8689957578706575,1.332934209537665,5.610389157256602,35.1284477244623,0.6694118227753868
67,2026-06-03 19:00:00,0.12978480716082086,0.39016157526991735,0.0,0.0,36.601304837627254,0.1295090711451455
68,2026-06-03 20:00:00,0.04933091801025308,0.0,1.8750444177622279,0.13393809622984998,44.33404685425135,0.1594760478894476
69,2026-06-03 21:00:00,0.050372186519430345,1.007268266178214,1.5343962278970065,0.0,36.217520316085604,0.14084041214921023
70,2026-06-03 22:00:00,0.10795304797835864,0.8682443353907915,0.5404289136609186,1.6062930408995264,32.0,0.29360766333007826
71,2026-06-03 23:00:00,0.05805338353483326,0.0,0.4397361053221387,8.524525014051548,40.03283652367471,0.9592619052993477
72,2026-06-04 00:00:00,0.08484526182697469,0.0,0.6846273550383519,0.0,32.0,0.1114474492815121
73,2026-06-04 01:00:00,0.18296002651964344,0.2678122536105091,0.47094481319130427,4.894239532612142,44.57851376165677,0.6669637067996994
74,2026-06-04 02:00:00,0.0,1.1298763159440692,0.43487293281857486,0.0,38.91949600158535,0.09680567456594372
75,2026-06-04 03:00:00,0.0,0.3547398946351652,1.2160081077099754,0.0,38.78616892173709,0.10318523930747987
76,2026-06-04 04:00:00,0.05107568202761458,0.2538807569505886,0.23664296845772934,6.0409972212308976,35.513997331928174,0.6990515638713972
77,2026-06-04 05:00:00,0.0,0.0,0.32095081644561074,7.200515908963693,41.40168048967235,0.799457569048324
78,2026-06-04 06:00:00,0.0,0.6993109042198073,0.53586387043294,0.06906988005551229,36.165782064613836,0.09431356316649882
79,2026-06-04 07:00:00,0.11344088004633099,0.5736405479747807,0.0,0.0,39.355460231965594,0.12977224683098346
80,2026-06-04 08:00:00,0.24079565310605963,0.9584373404148183,0.7915490609412981,0.0,34.81492704560927,0.2069248737623658
81,2026-06-04 09:00:00,0.12235383621743101,0.8386309594645862,0.09612844166554413,1.9722256950841548,34.78314729813627,0.3300449081563955
82,2026-06-04 10:00:00,0.0,0.9469365714368989,0.3650760257218282,0.0,32.0,0.08008159062676413
83,2026-06-04 11:00:00,0.042939349239124645,0.294671640354331,1.2353257334127257,0.0,34.358456365133385,0.11485121639943159
84,2026-06-04 12:00:00,0.12099751249935035,0.5639687440486161,0.5161969635394328,3.7217297611668307,36.92342276928626,0.5139834587817255
85,2026-06-04 13:00:00,0.06664197024641672,0.8420308260183507,0.0,7.387641437281637,44.660755869188804,0.8605571264726319
86,2026-06-04 14:00:00,0.007744904778407884,1.9142543680144049,1.4749203433752163,0.0,44.50394597129949,0.14908276081730212
87,2026-06-04 15:00:00,0.13563040375824656,0.0,0.7951841162302438,0.6682255195647655,43.970771074171275,0.22511247701646667
88,2026-06-04 16:00:00,0.0,0.0,1.4878303275853784,3.249783250521879,43.457929245823465,0.4371015474587594
89,2026-06-04 17:00:00,0.16062479385356893,0.41615544030176865,0.3413378535590915,5.646621691304759,48.60743329077635,0.7380719791814472
90,2026-06-04 18:00:00,0.07836275165753953,0.7017476096894051,0.46517202141422037,4.865975033431713,37.26384501580842,0.610338029863237
91,2026-06-04 19:00:00,0.10024705780014809,0.9890927018554564,1.2834291210441335,7.895574995727048,42.16818441631947,0.9570997450289369
92,2026-06-04 20:00:00,0.2622035640921472,0.4712186821282879,0.48357229333327867,0.0,41.58444381460963,0.2126572985382018
93,2026-06-04 21:00:00,0.1327499592784973,1.0671948599853667,0.5235003885193875,14.89557428239393,44.481160842257694,1.658392387551407
94,2026-06-04 22:00:00,0.0,0.7106381525496546,0.5785145401925059,9.991040171387825,40.37503611894848,1.0950229810923222
95,2026-06-04 23:00:00,0.0,0.6775669121476453,0.3203734487161209,0.0,35.99851001050654,0.08136851465686931
96,2026-06-05 00:00:00,0.08261658354045834,0.251012014212729,1.2488405158617868,0.0,36.4289665228092,0.1363438403019444
97,2026-06-05 01:00:00,0.0,0.6111096680725867,1.2928416028127931,3.48295206347631,39.39110847272475,0.4587171118158125
98,2026-06-05 02:00:00,0.19373316390233997,1.6904243195984179,0.8054692672792366,0.0,34.17028352853263,0.19664005870416507
99,2026-06-05 03:00:00,0.12373000340567562,0.7262400173044794,0.0,6.033555107795379,43.75023371716911,0.747997103929345
100,2026-06-05 04:00:00,0.0,1.3613706890285036,0.7068864305436997,6.291271186020816,37.90185491551961,0.7348368165658955
101,2026-06-05 05:00:00,0.24164265969438747,1.7263704116456309,0.7255853384243333,11.172559737272659,35.22229155432184,1.3364239176661394
102,2026-06-05 06:00:00,0.07849567485242274,0.09456109382127464,0.5564352903658032,0.0,39.42977292222098,0.1196980406055877
103,2026-06-05 07:00:00,0.13979713207278519,0.0,0.021095987683225514,1.6551995808674502,44.051610562235346,0.30652016373669727
104,2026-06-05 08:00:00,0.24962066792164816,0.3834360383471178,0.6228915301592958,1.3777149148796886,38.00615116377213,0.34047176625592046
105,2026-06-05 09:00:00,0.0885275005805881,0.3392648886938507,1.050443023818929,2.686056899009309,44.156011216525044,0.41751108055137315
106,2026-06-05 10:00:00,0.18265468550165076,0.9522913052350703,0.28928923230277936,5.968702168400088,44.72027727828571,0.7813800582825915
107,2026-06-05 11:00:00,0.05588993752721137,1.3301767018022983,0.5929958360478569,1.1683517218390538,38.1748809453185,0.24544379581414577
108,2026-06-05 12:00:00,0.10462962603293541,0.9545553836969611,0.5718623425572738,9.015818700062038,51.100430701537014,1.0681824724603897
109,2026-06-05 13:00:00,0.0,0.9415748994662924,1.3898033490046922,1.090208442688228,35.264608467475526,0.22025989206689933
110,2026-06-05 14:00:00,0.13723931571292078,0.8090028794463595,0.35302025291273953,6.554553955114761,43.288301302740265,0.8157405080412371
111,2026-06-05 15:00:00,0.062165375858053595,0.903768621914486,0.5534079610941062,6.75781069528854,32.0,0.7885432046490377
112,2026-06-05 16:00:00,0.03368058588844702,0.6435713048751679,0.12462678609334177,2.6649041937602416,38.63005451406734,0.362480705503245
113,2026-06-05 17:00:00,0.08346172104081948,0.0,0.04272798390354848,0.0,36.700978489613185,0.10286654304414351
114,2026-06-05 18:00:00,0.0,0.5759669987094319,1.6399275175995898,8.243140269857303,33.778881151028685,0.9331511151646049
115,2026-06-05 19:00:00,0.20592493918071156,0.9550762968387926,0.6531872094837569,0.0,49.97086934320298,0.21344656942099177
116,2026-06-05 20:00:00,0.0,0.4617978926578087,1.5568994808321148,5.622486533648934,45.62855480926348,0.6875376940149301
117,2026-06-05 21:00:00,0.0814050805210059,0.5571139500232273,0.7878253798803927,10.76965771314502,42.28432218138323,1.2164222176979842
118,2026-06-05 22:00:00,0.14853319101745738,0.0005492883508719792,0.9951929593746506,5.932333541055712,42.84138802392861,0.7605405754756028
119,2026-06-05 23:00:00,0.20332441219347655,1.402182124048339,1.2686632573678132,4.987540865454799,43.50121298317231,0.7226844977944338
120,2026-06-06 00:00:00,0.10810602488529375,1.1249265520316127,0.24815331417173925,0.0,48.04419059926276,0.15768250850812338
121,2026-06-06 01:00:00,0.0,0.0,1.4929167700473376,1.1894614211472074,33.94909776811545,0.21480198855231014
122,2026-06-06 02:00:00,0.19434611553797432,0.6311051004036771,0.5917619021517062,3.2503322808177413,42.35628074186666,0.5130719713915985
123,2026-06-06 03:00:00,0.12062118667627705,0.38536924610264434,0.8651843782890164,4.242774448845102,32.0,0.563173605830729
124,2026-06-06 04:00:00,0.0,0.15916528204527747,0.6516955642885962,6.396745342982389,51.81283908300899,0.7479521592838102
125,2026-06-06 05:00:00,0.0,0.809861537459935,1.0323067137221353,9.369103120163086,41.69681157701903,1.0481067265934971
126,2026-06-06 06:00:00,0.11932168830774356,0.8033621749675843,1.0944144765182484,7.186111716197093,32.0,0.8696048653582898
127,2026-06-06 07:00:00,0.059974553203173964,0.8221172225085558,0.0,11.662152100171296,40.92524611996372,1.2781584959148065
128,2026-06-06 08:00:00,0.20046215581981963,0.14623689734792344,0.7312899981462025,4.70952144661755,40.39300541323853,0.6538357840130841
129,2026-06-06 09:00:00,0.007762899772844417,0.923779148494893,0.9236990710448293,2.824317645197846,48.33191119086452,0.40783431861928227
130,2026-06-06 10:00:00,0.1367661805515216,0.5186862614041698,0.06345339355069135,9.463134405890855,43.53738051252164,1.0947318481730164
131,2026-06-06 11:00:00,0.0008192245127353198,0.0,1.6123266157210914,5.446764338135253,39.19481195056084,0.6529399648115406
132,2026-06-06 12:00:00,0.06533566018407604,0.0,1.3038848436517303,5.516889670314643,47.51288514639956,0.6963597757015081
133,2026-06-06 13:00:00,0.0,0.8849048203181835,0.6327717010000637,7.319135379307764,43.88683150338308,0.8381481949956496
134,2026-06-06 14:00:00,0.05988930015084735,0.29680340044647385,0.574516266691173,0.0,42.70545237898217,0.12058093577088108
135,2026-06-06 15:00:00,0.2890287279171755,1.1657605276058076,1.3136172953516145,6.358144220758833,46.863227132616444,0.9022807384797773
136,2026-06-06 16:00:00,0.08988034080252295,0.2267805683946872,0.3989020229426491,10.164763249233946,40.67611661355885,1.14184302139404
137,2026-06-06 17:00:00,0.09005164311026967,1.1538585800973147,0.6417644445629981,7.052133947981348,38.55451390606572,0.8485240789053339
138,2026-06-06 18:00:00,0.06157022258597658,0.4692750283514523,1.1725937185391881,7.532286370014887,46.41297033678631,0.8988041188960364
139,2026-06-06 19:00:00,0.09093064218042755,0.9998681449703121,0.5358773354338109,2.7083295173820217,47.43556260196309,0.4246477956675502
140,2026-06-06 20:00:00,0.08530318947533899,0.3347489626942575,0.8630728407455825,11.896587303702308,42.7810960829061,1.3299459140896488
141,2026-06-06 21:00:00,0.09952765358291325,1.143884600972548,1.4374073458084589,6.844400738664799,42.309822158606764,0.8583238102154017
142,2026-06-06 22:00:00,0.1847395865687511,0.44739446443195596,1.9239480343166877,0.9808941144567864,48.26103635303653,0.32211779464829227
143,2026-06-06 23:00:00,0.011714312282888661,1.4287851841541257,0.0,1.2721523541937616,35.242336885410694,0.2171975772934027
144,2026-06-07 00:00:00,0.0,1.0188897010933793,1.7743043198771848,0.9867483429151882,43.05898510104803,0.234253566791237
145,2026-06-07 01:00:00,0.21295205315175675,0.6531879597118271,0.970402212044626,0.0,47.235062725220274,0.21487184760877656
146,2026-06-07 02:00:00,0.0,0.6981212063311416,0.8817738864760134,0.0,49.44846563345941,0.11893567583085513
147,2026-06-07 03:00:00,0.1404879259822346,0.891265496704074,1.0872275733143593,0.27986811476140705,35.9047472542657,0.1967672436219231
148,2026-06-07 04:00:00,0.2443862612076898,1.1306281513213112,1.9393094257271768,4.315435094680592,40.591559765612054,0.6816491545239391
149,2026-06-07 05:00:00,0.056925630432616815,0.5224501829050013,0.8671502913106354,0.0,37.52737921618764,0.12136200618210377
150,2026-06-07 06:00:00,0.08782829133887851,1.012001748371763,0.7864787822243116,10.616962716440245,45.24631721251183,1.216771963215636
151,2026-06-07 07:00:00,0.0589770819772623,0.9238447763625688,1.0715123479467243,13.472765406603994,38.168896322454515,1.4824903959155233
152,2026-06-07 08:00:00,0.18579202525205282,0.0,0.0,0.0,47.41300908958554,0.1674967328967846
153,2026-06-07 09:00:00,0.16444896949753934,1.3641574476092035,0.0010080650482766629,0.7132423366375074,39.75431379408979,0.2385268374682283
154,2026-06-07 10:00:00,0.006671886248818704,0.4512145460540539,0.5226981121887807,8.671600260824668,43.83378239856095,0.9664025403303307
155,2026-06-07 11:00:00,0.07433533959886046,0.6373925734046517,1.1865789115109149,7.969056561505151,50.14638093756323,0.9579612342499865
156,2026-06-07 12:00:00,0.14202198551523576,1.2936196218889788,1.8791333966858268,5.864168141667388,40.394927228783104,0.7901505110712297
157,2026-06-07 13:00:00,0.0,0.33960004431871815,0.9968857972646582,14.371089965114281,43.23830185121909,1.5422399384768952
158,2026-06-07 14:00:00,0.2967274313328254,0.8976652370049628,0.42860772930162705,1.3420306614265876,43.789387996668964,0.37232941363407024
159,2026-06-07 15:00:00,0.11330411076611903,0.6778398750283018,0.9886274204876239,13.43480754111717,51.13835469009983,1.5199575528952534
160,2026-06-07 16:00:00,0.09619585413322318,0.0,1.1224996084289929,6.785745469593516,50.65657169782896,0.8383740404134973
161,2026-06-07 17:00:00,0.11172522213521677,0.22073051022363777,0.9553537048492402,6.95631119716519,39.4553180784366,0.8427857017942045
162,2026-06-07 18:00:00,0.054927161471580166,0.31660841369251047,1.9083493541258285,0.4054605098144748,42.93870993885032,0.1929148478469953
163,2026-06-07 19:00:00,0.13409094357329363,0.6445720529728337,1.0511551196144495,4.4235807313394,46.850317963752815,0.6220443567592395
164,2026-06-07 20:00:00,0.19471962126716985,1.0568385782760528,1.4085867017106017,5.51176979267778,46.21945251332733,0.7735649287760201
165,2026-06-07 21:00:00,0.05825412620246836,0.6209416845195795,0.6847886583665421,8.27181555588714,50.93310146855794,0.9693525120961273
166,2026-06-07 22:00:00,0.17612992092691473,1.2657994762786524,1.0717403390947404,3.1950070514466837,52.53493356893099,0.5392590759660842
167,2026-06-07 23:00:00,0.1343280827886876,0.0,0.9389369371892541,3.5083339329768233,45.73487031634808,0.5151576180824744
168,2026-06-08 00:00:00,0.0,1.1074566272218065,0.7992272335790824,11.952869845735103,37.19442201068329,1.297853589678207
169,2026-06-08 01:00:00,0.2343420497069532,0.728388051770809,1.2752591462284277,1.4994152385146657,48.51990047410737,0.3857756732829674
170,2026-06-08 02:00:00,0.0,1.164663229075527,0.6340592020787874,0.0,48.212587192553904,0.11838768420188464
171,2026-06-08 03:00:00,0.17449272484722358,0.808508859889683,1.412861480115882,14.036794189318579,51.980172012475585,1.6226321936036308
172,2026-06-08 04:00:00,0.010828738090586668,0.0,0.7456903932311645,0.0,52.64825449313905,0.11441299152388909
173,2026-06-08 05:00:00,0.07295620914894768,0.39340201803515074,1.602327135613589,7.524785314455933,44.6259127242691,0.9097067355017491
174,2026-06-08 06:00:00,0.320601154514917,1.1545457730859585,0.37667764724151975,0.0,42.796070301635154,0.25041546246100754
175,2026-06-08 07:00:00,0.22857897830568158,1.7744801993741208,1.0536444434254242,3.2424506502175054,50.60109370883768,0.5729021010994299
176,2026-06-08 08:00:00,0.2593334549779487,0.11278221445490788,0.8997898711708401,9.358468949790883,51.82926324390497,1.169274507864972
177,2026-06-08 09:00:00,0.0807601292253993,1.143385966330657,1.8130076788547478,0.0,50.49560722997811,0.18871692231570877
178,2026-06-08 10:00:00,0.2764956046394289,0.6370289737692605,0.7375275563901103,0.6795631487401401,47.08119837939645,0.3057994892984931
179,2026-06-08 11:00:00,0.1863323771144517,0.5102827235446523,1.4225208523569797,13.358137954111857,53.64141815811969,1.558366291168292
180,2026-06-08 12:00:00,0.3309870791629608,1.204837799407221,1.2061129676753175,11.852692316753764,41.95681930154036,1.460605296786707
181,2026-06-08 13:00:00,0.01825897170808767,0.6989905655633122,0.5305321591962376,10.154518282697776,48.452743087901894,1.1323314049410176
182,2026-06-08 14:00:00,0.07432345414047084,0.0,0.6101417262123919,13.636329015880909,57.49377041200053,1.512316767789136
183,2026-06-08 15:00:00,0.30366065148474874,1.1222823506629747,0.5319281644756886,2.9595063908357253,51.53867304742693,0.5569644000721389
184,2026-06-08 16:00:00,0.36047038091800415,1.3947222157934527,1.136171656165298,7.103419193496828,41.685464900701874,1.0002340172642248
185,2026-06-08 17:00:00,0.0,0.6625693277539937,1.0775053151804417,1.1857565383877136,56.495021258892656,0.25396131791457194
186,2026-06-08 18:00:00,0.0462454315900363,0.9047054826803571,0.7171166961762974,0.6792020270953891,44.05983325081613,0.1982358199173196
187,2026-06-08 19:00:00,0.2940788983618351,1.3023306776521941,1.1548627705366155,5.299109448420708,54.21593822576597,0.8096925032822019
188,2026-06-08 20:00:00,0.15816474786684367,0.8747797963075998,1.378727325085033,1.7026869196186816,46.11076098750338,0.37181696480828863
189,2026-06-08 21:00:00,0.2652325702834123,1.9966864012172822,0.6441856298858164,5.602667763666666,49.27409930952301,0.8170198998763734
190,2026-06-08 22:00:00,0.11746059902859393,1.5391063259264033,0.62892907289562,8.375143561155921,52.64785601409362,1.0238741047453401
191,2026-06-08 23:00:00,0.3132016995169319,0.38907865545640075,1.1205570152213349,8.158847793153594,47.43236780153844,1.0767179239851867
192,2026-06-09 00:00:00,0.036009228910551555,0.3398682648262874,1.650676810921538,9.556151920222904,54.70434058054246,1.1134840560754713
193,2026-06-09 01:00:00,0.04374287110862558,0.7721081467204969,2.062425039153177,11.266532805727227,52.55255451333016,1.3018792457075006
194,2026-06-09 02:00:00,0.19739974155447615,0.08086783418521903,1.7758691662344104,0.0,45.337730618324436,0.21502060048350005
195,2026-06-09 03:00:00,0.16744559998069977,1.15077523931681,0.9854693635067779,6.65342371025099,48.27051646616664,0.8696663054311344
196,2026-06-09 04:00:00,0.1908505080163466,1.3009449116815501,1.2949278423524566,9.125177734532699,50.24088793443114,1.1412804551370777
197,2026-06-09 05:00:00,0.16716486241041273,1.2941730104888,1.1458524899050175,6.229906583979363,54.07641405362436,0.8435947308847456
198,2026-06-09 06:00:00,0.07462219319763476,0.5104909621649063,1.5063587985482356,9.348801977253114,54.54844307453566,1.10953740242051
199,2026-06-09 07:00:00,0.14636745542977073,1.1898213461897855,1.1041081487330628,0.0,48.16458223208287,0.1980296528452756
200,2026-06-09 08:00:00,0.21879959873588012,1.1913616619971763,1.7360161891258565,10.127304476463348,48.49456222628894,1.2605826244434815
201,2026-06-09 09:00:00,0.37406915934596097,1.902806331274573,1.0409135941898506,6.624084541993633,56.89320000172695,0.9908837613631147
202,2026-06-09 10:00:00,0.33821825862373817,1.994676324433494,0.638681293584232,9.401431767018606,57.62919442563978,1.2448162292423153
203,2026-06-09 11:00:00,0.14502276486542726,1.9363908758760444,1.2682090856528316,9.899320491431581,47.43669696923071,1.202631449900762
204,2026-06-09 12:00:00,0.1016624251817653,0.7838966976747644,1.2872848150277416,3.3269556974850207,56.9197405951311,0.5230012381848114
205,2026-06-09 13:00:00,0.11472719522196251,1.284150921717861,1.1580167614704115,13.551145179980647,50.77428308002341,1.5459603329555072
206,2026-06-09 14:00:00,0.22033096198469485,1.2560342704718892,1.9927261180463969,6.849653758735995,40.95813712115515,0.9280261243514245
207,2026-06-09 15:00:00,0.18765661078460713,1.2790456481482586,1.1743495307187521,5.679789588286942,49.89388892332316,0.7912898144243727
208,2026-06-09 16:00:00,0.15643498588205346,1.6196072814397566,1.1795016549433646,11.407251335599916,40.94181220159985,1.339996223721101
209,2026-06-09 17:00:00,0.17508795019401696,0.39616509678972567,1.6824217061988604,19.87017799185648,44.45831202926672,2.1931431787396765
210,2026-06-09 18:00:00,0.29493364589466103,0.7737582587503822,1.288503824507989,11.622074697072705,46.04508803305028,1.4228273402968983
211,2026-06-09 19:00:00,0.1570394882487507,0.6238420248990872,1.8571478482031083,5.791507117513438,47.820547884131415,0.7909057593350705
212,2026-06-09 20:00:00,0.10856124419228615,0.7005458397579185,1.2172193073977866,0.0,59.67916425376216,0.1951065470904675
213,2026-06-09 21:00:00,0.221115029051496,1.1729307718767645,0.5195323707824483,10.188739689575222,51.991615184107346,1.243104930591157
214,2026-06-09 22:00:00,0.04926221405458328,1.1788289490157604,1.1949475341831013,0.0,51.231798052087925,0.16058793028827428
215,2026-06-09 23:00:00,0.22499745110228075,0.5721725515087227,1.1244025038606438,7.759978573711903,46.48750011047074,0.9976399688507727
216,2026-06-10 00:00:00,0.16902699678495017,1.5804736867077664,1.3217739611145878,6.589861650913969,45.85400581243782,0.8754428329967497
217,2026-06-10 01:00:00,0.11993354356240749,0.8494251364972607,2.282711749862982,10.408336971082518,58.148752943401114,1.2676689902378344
218,2026-06-10 02:00:00,0.29330959821483227,0.5541131063302652,2.2457976805204267,7.113097318010774,53.42285910223574,1.0041719307299393
219,2026-06-10 03:00:00,0.09031521631923979,1.1607338893067973,0.7428379899553413,12.235844116900763,50.68502829992693,1.3905728520816953
220,2026-06-10 04:00:00,0.17909566932154003,0.8455306984259423,1.3577998095931685,7.037746145647861,49.082740991624085,0.9190967433013791
221,2026-06-10 05:00:00,0.021462758729691472,1.2396066985218173,1.9466239526290934,5.611476034330834,60.68642992945618,0.7450109782757557
222,2026-06-10 06:00:00,0.17428155603864715,1.6968203786059501,1.6597523344352754,4.507452861326226,53.245582802892265,0.6927598043560472
223,2026-06-10 07:00:00,0.11665213576744224,1.3504675593960467,1.7535987465182028,4.076265433675487,57.129220799878425,0.6263124085159001
224,2026-06-10 08:00:00,0.11650846072976163,0.7286590020583039,1.4189791497628619,2.7538531943502056,45.70030105154204,0.45557087310415095
225,2026-06-10 09:00:00,0.031966720956464856,2.31531487988666,1.7822348856757304,10.396564954808474,54.08555637763987,1.230805779436654
226,2026-06-10 10:00:00,0.21858231813231047,1.8194084465363258,1.5452776493879865,8.717964133405227,45.43423310062466,1.1199708601707077
227,2026-06-10 11:00:00,0.08489804083261715,1.4303069349504653,0.7345241522348575,12.048818566405359,51.37243490743777,1.3748402841492775
228,2026-06-10 12:00:00,0.12381112364660302,2.0518671398450756,0.9662874213491233,8.235002672768855,49.71897506017843,1.0247212047973107
229,2026-06-10 13:00:00,0.3284394817838808,0.861598869246706,1.4038566544774638,5.170402543547225,54.34950706164974,0.8117901516598095
230,2026-06-10 14:00:00,0.24281988918107106,0.5255413353729912,1.2176337538797204,9.197213064463611,54.43955179339773,1.1648531868286551
231,2026-06-10 15:00:00,0.12586183031057938,1.2617633161295132,1.8396894006305624,12.812188635853865,40.7266530123449,1.4765489299939323
232,2026-06-10 16:00:00,0.14910173766887266,1.0172438691142485,1.5352829488853985,11.264932891686668,48.106591699818125,1.333588013474887
233,2026-06-10 17:00:00,0.1326396479216414,1.3266800927280509,1.7255178723017581,4.437299824137387,51.87098642351375,0.6596302983537958
234,2026-06-10 18:00:00,0.04469178689366601,1.2646800348658658,1.4830933276881617,2.0474956581210346,57.29577318978008,0.38231769399616106
235,2026-06-10 19:00:00,0.22452822588969237,0.8143275754369584,1.5837481136501246,9.462471141309637,43.17127592913675,1.1774745895391687
236,2026-06-10 20:00:00,0.1190348537970636,1.4207984846062793,0.7020134998770118,5.614728347509525,55.2325277000291,0.7528708063168011
237,2026-06-10 21:00:00,0.20490605822684008,0.6270168030805948,2.0154226579690535,10.925023072964855,55.41890780244749,1.3434600217096837
238,2026-06-10 22:00:00,0.3948985319207864,1.1898826389286459,1.962236055262696,0.7019495817990613,55.53780744179604,0.41709793818035745
239,2026-06-10 23:00:00,0.4025710423813275,1.6775607010658775,1.292007918968296,0.4137278598046077,50.292739267956236,0.37414596796055627
240,2026-06-11 00:00:00,0.20824776015973342,0.3175396260238724,1.5937786695744809,5.822331722721483,48.49137437399093,0.8070901348410533
241,2026-06-11 01:00:00,0.19998319434340978,1.0210641728701244,1.1926119127950785,5.748787121805181,47.41221196385703,0.7957568751068345
242,2026-06-11 02:00:00,0.19986679147959716,0.4096092281130034,1.5858409809733565,11.35868948616502,57.770920980916024,1.3741930412355008
243,2026-06-11 03:00:00,0.21129541505119387,1.937483644469417,0.8775627547287859,6.795363242199844,48.93470297669698,0.9156579255015823
244,2026-06-11 04:00:00,0.0,1.5612498319371217,1.904643878166373,8.200283631531628,58.825809179832866,0.9950890995703537
245,2026-06-11 05:00:00,0.14834674288081762,1.11650214084328,1.7851407073778855,10.261081824692496,57.82684132907413,1.2575142472185747
246,2026-06-11 06:00:00,0.10268607797018472,0.6007695483853501,1.066203992849719,3.408307447898409,54.987857747497515,0.5196988961540727
247,2026-06-11 07:00:00,0.2466686950122804,1.838199711525837,1.120802473025452,6.649795153961,49.75089687778758,0.9232607374961467
248,2026-06-11 08:00:00,0.2108167796028458,1.4423956853627893,1.7034911536004789,4.573010838782388,48.15193231473764,0.7042489158884652
249,2026-06-11 09:00:00,0.14761109930226293,0.8107277236578582,2.326054323693191,10.97804341995417,47.29608887373529,1.3191410093101301
250,2026-06-11 10:00:00,0.2856121188413918,1.2269841456604325,1.582921426062362,13.651553301926441,55.681211283458346,1.6530011679517624
251,2026-06-11 11:00:00,0.12445262469549834,1.575226430812029,0.783391242366982,1.998776276148094,56.4918509508153,0.400555598475882
252,2026-06-11 12:00:00,0.16674995179886137,0.8835442245447991,1.6073815713596367,10.941077092401532,48.56945331138366,1.3097199385585145
253,2026-06-11 13:00:00,0.2739379571007916,1.9272851919721643,1.8436446105277977,2.923319793864544,54.77902884863985,0.5914240192563127
254,2026-06-11 14:00:00,0.27720457246110186,1.0423052353254016,1.1770682950819458,3.6078489231160775,49.48871364841689,0.6208492938752098
255,2026-06-11 15:00:00,0.11748131410161958,1.6629157845170508,2.1068382480788217,2.175041726832802,56.65699755231116,0.44979701546898077
256,2026-06-11 16:00:00,0.24735801544086122,1.7254074083905784,2.11098458072225,2.859480125599233,48.79021367429758,0.5657657131727384
257,2026-06-11 17:00:00,0.27772586850038494,1.9022325186338036,0.740447704023254,4.607819609125365,58.41619144647335,0.7398957703602188
258,2026-06-11 18:00:00,0.17768817877452112,1.8072756334713673,1.6442570065095454,12.218601661386552,48.66151867911251,1.4589969506608145
259,2026-06-11 19:00:00,0.1054050526880896,1.0743434498845503,1.7848650870702751,12.276848003544565,55.550802874747134,1.4346378838877683
260,2026-06-11 20:00:00,0.1389209936013842,1.4182855046079554,1.5017141813069594,9.256486211796343,56.221567927579336,1.1478806869241227
261,2026-06-11 21:00:00,0.20374882961867022,1.367615904456465,0.9596371494508178,4.5480868151727085,52.89878663043106,0.6868359345588382
262,2026-06-11 22:00:00,0.030685784567440366,1.929952709279826,1.7477374530654675,18.032164243284264,59.170789609942446,1.99525701171918
263,2026-06-11 23:00:00,0.2131624457297277,1.7590399166937885,2.2751222975053365,6.986488178953961,56.121678237511034,0.9799883887404055
264,2026-06-12 00:00:00,0.17833196541143995,1.5178408883411751,1.748908008002974,10.747393298241112,59.42940716041175,1.3285309342264895
265,2026-06-12 01:00:00,0.35930885585569,1.2910330098797775,1.1714293163700322,7.055970663806144,59.36552585024474,1.02458922758419
266,2026-06-12 02:00:00,0.17598499533959727,0.7624013088931553,1.8771463213798538,7.545326620494036,52.73936034178875,0.9863217841921172
267,2026-06-12 03:00:00,0.16359819482074028,1.0367456298063094,1.5116432898854857,12.475943564236744,65.04284940092866,1.4903142354436552
268,2026-06-12 04:00:00,0.3552272364032564,0.6567621054537439,1.6559752439953674,13.622156464359868,59.90676991953356,1.6817996291569084
269,2026-06-12 05:00:00,0.15017982963824486,1.1743228156357104,2.3782888052194315,15.297115063026276,51.85268670292314,1.767455724856276
270,2026-06-12 06:00:00,0.23672310817742928,1.600221207074347,1.6435657911374055,13.484387128460071,57.340543213008054,1.624318035774164
271,2026-06-12 07:00:00,0.07720329891749013,0.7303388504891121,2.17864697192246,6.649124983579157,58.57500898738628,0.8681746734447064
272,2026-06-12 08:00:00,0.2173239021811614,2.6377036672578504,1.5212021279101497,12.330365611155043,59.243558879429834,1.517475748602617
273,2026-06-12 09:00:00,0.18030235877741496,1.5926264083240635,1.5019335132479434,8.01461348512555,55.160534041092305,1.043874302134071
274,2026-06-12 10:00:00,0.24251049685078424,1.9874646035378296,1.07892173250173,14.103627511722733,58.090323826917675,1.682543856903284
275,2026-06-12 11:00:00,0.2843716961275781,1.036146025620431,1.170933609397113,9.01991218213711,51.7912466084061,1.1690773867845654
276,2026-06-12 12:00:00,0.15893402402676643,1.431601510873616,2.5178072740009054,14.027158032360155,57.60280417966506,1.6621903548228079
277,2026-06-12 13:00:00,0.03398429233015782,2.4143851486272503,0.714948007023837,7.11637019493674,59.25027432044273,0.8875911755249989
278,2026-06-12 14:00:00,0.4292253934862159,1.8179718291437235,1.5172887327660876,4.654412735764734,64.62827109929836,0.8432051037637032
279,2026-06-12 15:00:00,0.14763943688149178,2.456975956421932,2.099215944724649,10.848014833582495,59.27823001968141,1.3485766046722727
280,2026-06-12 16:00:00,0.3119998301523478,1.854420274921252,0.829414585992444,15.217111698305557,44.471469816990044,1.794028408631491
281,2026-06-12 17:00:00,0.21216804247229673,1.0592550270116523,1.414363602118723,6.287905947365621,53.80346653346096,0.8724922446214995
282,2026-06-12 18:00:00,0.21223518161765223,1.246531328214599,1.9891523693921247,7.3502913169679776,42.09600376861349,0.9760674791190951
283,2026-06-12 19:00:00,0.04422267023566909,1.1147896137899984,1.388632482249963,5.051649988804296,53.38578836006156,0.6709155637086334
284,2026-06-12 20:00:00,0.23707706750527804,1.5037910366705836,2.3341324079045647,8.242239634832444,50.70484978535696,1.1044827974301439
285,2026-06-12 21:00:00,0.2019483711522528,1.5337585392637358,2.216039377694832,7.630278797397493,62.13167357174484,1.0443220221586893
286,2026-06-12 22:00:00,0.06247609485334188,1.3571074354912354,1.8240452898190547,22.081570714801984,60.67840472891341,2.4098297208731863
287,2026-06-12 23:00:00,0.05485384042109448,1.8727395703160568,2.5944446097583436,7.377134369984902,58.5120963800189,0.9599869603249472
288,2026-06-13 00:00:00,0.42782524158033153,2.4989232123079734,1.4503576222880679,6.982689305544346,64.47497981486546,1.0847981534245683
289,2026-06-13 01:00:00,0.32220452871387845,0.9782408476010584,2.125884366924123,18.246521864210315,70.35961966960161,2.1641227812896675
290,2026-06-13 02:00:00,0.11189827161855187,1.2489377140805864,2.6738569855368546,4.965125489789512,56.64851031124154,0.7334898036812312
291,2026-06-13 03:00:00,0.1908430863278852,1.2454259650478143,1.4304594760905858,5.455780240350583,55.75509279157897,0.786307505144119
292,2026-06-13 04:00:00,0.1567856525288764,1.2290980340075324,1.0358922868146032,18.831372390104924,59.948239793198695,2.105241156400002
293,2026-06-13 05:00:00,0.23641075403397052,2.0735203028170752,1.3373987925414186,10.42156805475423,64.92968194749014,1.3312108302062355
294,2026-06-13 06:00:00,0.35144192169224336,1.4842628304771897,2.261277880675823,10.025703507096596,60.17426994080523,1.3497927167030503
295,2026-06-13 07:00:00,0.22315152690253534,0.4093721493855551,2.680400939806218,13.629156147184585,53.916490536208556,1.6327009862283335
296,2026-06-13 08:00:00,0.1823557977377524,1.573189533732875,2.2940170884493054,16.357905538835816,63.232310019022584,1.9125462451682584
297,2026-06-13 09:00:00,0.2913272639901763,1.0662947454493925,2.2157905996432383,12.672805621876343,57.06989580432343,1.5733020155721935
298,2026-06-13 10:00:00,0.1981999994139546,2.0826846765222657,2.2452193109275456,10.455092247370127,48.13217192223942,1.3108145449062187
299,2026-06-13 11:00:00,0.03626613558545075,0.8829222830619279,1.8324903801430075,12.607646191265099,61.43349803599803,1.4439502906385013
300,2026-06-13 12:00:00,0.35696657476210225,1.8656162427878238,1.0728552056189002,17.661729118957098,68.76970059851732,2.1074101491267894
301,2026-06-13 13:00:00,0.3213581875325934,1.982538963158303,2.7025289470065568,7.903978770261869,62.94964362376146,1.1478564485474008
302,2026-06-13 14:00:00,0.23941037799842108,1.569142843809609,0.588199020689097,4.510328047367683,60.55008233958066,0.7067839522108208
303,2026-06-13 15:00:00,0.3042848949532269,1.5371754439627314,2.1969112382490663,9.07734150000431,57.134419048784316,1.2272233230251026
304,2026-06-13 16:00:00,0.14307167207236848,1.612501920549436,2.1834967462820796,14.161735234397815,61.08265220023769,1.6689839711106236
305,2026-06-13 17:00:00,0.16428641196064206,1.4315056073269925,1.8662092393254903,7.230279241236695,55.519593866921056,0.9650895174251667
306,2026-06-13 18:00:00,0.23874876554870672,1.3971406565789084,1.8134257774363598,5.9687891498550005,60.863915468840496,0.8806297602677188
307,2026-06-13 19:00:00,0.23596083397708992,1.8694298064909611,1.6205141484049388,16.52495151199924,60.04303710543996,1.9365926464166818
308,2026-06-13 20:00:00,0.24552848991513337,2.060638931179214,2.97361161856362,0.8380764115059538,59.76249277406393,0.40885153594523627
309,2026-06-13 21:00:00,0.1775344465118902,1.2370528895274226,1.0984231193709943,21.46982730979701,58.892130866790495,2.378537989102827
310,2026-06-13 22:00:00,0.35837032330405216,2.099664037700887,1.4467844056681933,12.179306074689627,60.993951141220215,1.5596582906440508
311,2026-06-13 23:00:00,0.2596495694490545,2.0658734295066683,1.2219255278654595,16.21740963330309,62.09084359272097,1.9136117667828367
312,2026-06-14 00:00:00,0.2035691147383311,2.369452932392076,2.3337378999141127,11.383482290237849,65.06104626349088,1.4423117524569222
313,2026-06-14 01:00:00,0.23089870237334445,2.201448550985738,2.395449930587472,2.101288390605653,68.2299037395174,0.5309122934411017
314,2026-06-14 02:00:00,0.3145299858031647,2.10048850671899,1.7315014576539438,16.174903681074646,48.05061798357741,1.9237996251579033
315,2026-06-14 03:00:00,0.20569266361030858,1.6249564781911159,2.365739538935075,4.989478877911888,59.45035422939754,0.7826096704872083
316,2026-06-14 04:00:00,0.2196927563867909,1.5410191091232097,1.5303065618185847,12.03956076434682,53.8043513128004,1.4620601720458746
317,2026-06-14 05:00:00,0.19312136498268193,0.765298289153287,1.3814486799589667,7.524340829150285,63.020717789832055,0.9975146190666746
318,2026-06-14 06:00:00,0.14607279927498862,1.2318711831824476,1.7870299380887256,15.52094295091193,67.85370809368995,1.8017085968654523
319,2026-06-14 07:00:00,0.24724367922843013,1.0640759883045132,1.2725408132366804,9.762968275921406,49.64896474421039,1.225559078416418
320,2026-06-14 08:00:00,0.24217995932238262,2.0376374133641066,1.0188006789597326,8.861187981505521,59.300531743434526,1.1595671006310833
321,2026-06-14 09:00:00,0.31035613369433124,2.01903827035824,1.4895536844501702,19.12545733860842,54.62244891009161,2.2208531423375892
322,2026-06-14 10:00:00,0.2584966922309294,1.7722835834125554,2.2774351676782514,12.734866700981073,66.87519597630718,1.5945688366867663
323,2026-06-14 11:00:00,0.1771911768742034,1.2137159352756106,2.890251364407093,14.583043679549883,53.894639572301614,1.7254915865251723
324,2026-06-14 12:00:00,0.025991283723821063,2.1693616612567634,1.7034747198001206,22.73899330561479,63.18590177392539,2.4735794133024402
325,2026-06-14 13:00:00,0.250670219010728,2.2678645577117074,2.8582931265366085,5.11748018949419,54.631533146510876,0.8308893355055502
326,2026-06-14 14:00:00,0.17253224977432413,2.099201977548472,1.4209931267722578,11.496291262700101,50.3433873800988,1.3865698669505264
327,2026-06-14 15:00:00,0.2486165354749902,1.9691096086195288,1.600973245300494,11.220319379813489,63.73916164910701,1.4195159621785665
328,2026-06-14 16:00:00,0.1362238338263571,2.068602448200477,2.740960666064796,18.314763779697245,54.753601739146404,2.091752402399658
329,2026-06-14 17:00:00,0.2343175676272683,1.568277053461842,1.9906961057820154,16.062898927972846,44.45688013662316,1.866991609345995
330,2026-06-14 18:00:00,0.15142474558783486,1.498344254583126,2.4016705417893136,21.883512872839102,63.14121693529293,2.4521179663189727
331,2026-06-14 19:00:00,0.34169910690406646,2.0913455085208317,2.648780089471119,11.20203856811554,61.93923288919717,1.4857781784766917
332,2026-06-14 20:00:00,0.39118557691657313,2.4891646079314507,2.924726701762336,10.535478465594213,57.59953478597937,1.4480088229828951
333,2026-06-14 21:00:00,0.26175321635970317,1.018587298727603,0.9677933875868723,14.174627538147977,64.56529148490928,1.690762688342094
334,2026-06-14 22:00:00,0.20998147683470353,0.9369089395713582,2.960571037383567,5.661206784970798,66.14947151406678,0.8667154441496757
335,2026-06-14 23:00:00,0.24095965729801067,1.76377065843894,2.736163626061802,13.063126419546732,70.56846290977192,1.6369948234065637
336,2026-06-15 00:00:00,0.015329966769634912,1.780202343320983,2.2272680559747533,11.56090113770405,68.82744807773392,1.367185237430544
337,2026-06-15 01:00:00,0.3506721626155369,1.9249914069551657,1.5428371606747686,14.915722790024978,61.01770413840155,1.8292780267428845
338,2026-06-15 02:00:00,0.10885287815778988,1.1928659952900804,2.511352819516583,7.488481376703698,66.84026169118381,0.9969946785008068
339,2026-06-15 03:00:00,0.26645816108932485,1.5024902693709175,1.9098999461871495,19.199392521162146,48.313495029037334,2.1990080743543525
340,2026-06-15 04:00:00,0.25674609519934033,1.974009110839013,3.044454081966493,6.915088289631365,63.788957366050205,1.0289994916198753
341,2026-06-15 05:00:00,0.29909072199617126,1.3800274677331428,1.5787247529447594,9.734488381194641,65.88513129120753,1.2875543403795338
342,2026-06-15 06:00:00,0.24919233887655348,1.7492219910395208,2.297553488318641,15.49368958875149,67.45045004145234,1.8672672240278436
343,2026-06-15 07:00:00,0.18017591875309805,1.7914179181725678,2.4272239089641454,19.310865607628955,68.79143801592166,2.223388167751117
344,2026-06-15 08:00:00,0.5134455427592995,1.3207298283728979,2.517099224761557,3.1175502392541965,60.670777313933435,0.7382743227118801
345,2026-06-15 09:00:00,0.31731926896769863,2.2809852055314903,1.7350266174692541,10.009901721676865,60.81905633883293,1.3336977468759752
346,2026-06-15 10:00:00,0.28518332597130336,1.2696320520617546,2.775868560438649,4.527920734662079,59.0008021656082,0.7766979161786068
347,2026-06-15 11:00:00,0.28661491305757736,1.951708746930928,1.4840721912449426,16.41001973299231,71.76652278197386,1.9666514473292958
348,2026-06-15 12:00:00,0.5515300746051879,1.557427003675036,2.261945175639605,17.083987258840587,55.108967997645976,2.140472276193344
349,2026-06-15 13:00:00,0.2362352743300879,2.7769869790768507,1.746210669041986,6.454878781388638,64.43713457380295,0.9555564341441534
350,2026-06-15 14:00:00,0.23261538750099198,1.440184453675623,2.2039841051775473,10.266153004307045,51.76351753582658,1.3023263693927383
351,2026-06-15 15:00:00,0.11005140953608747,1.451200330687883,2.6230463647946283,10.148814445628698,67.0594232185258,1.2710569293126466
352,2026-06-15 16:00:00,0.23593983947502323,1.5776891415215386,2.1815474094437475,16.520396075599745,60.854979598621014,1.946690800966673
353,2026-06-15 17:00:00,0.2400612250555269,1.4285061284515594,1.8549345701633688,6.645165014590179,67.05852118047011,0.9611139296407889
354,2026-06-15 18:00:00,0.2756101561610177,1.8903035065256633,1.7473835673785787,18.233354893678012,66.14627444691268,2.13977512522383
355,2026-06-15 19:00:00,0.34704232797071594,2.570140669399748,1.7230429133095109,12.437099206357322,61.17012205964233,1.595260781121168
356,2026-06-15 20:00:00,0.4160781512237842,1.7027871003512953,2.323067792661886,13.139040372371987,55.55424335619228,1.6881797650555252
357,2026-06-15 21:00:00,0.12692678927556889,1.598802961156111,1.774890196730045,17.18319357622592,56.67764079800256,1.9456399939517581
358,2026-06-15 22:00:00,0.30042394300897196,2.4990199256467713,1.8991112583790701,11.84201804501419,72.22435894566746,1.5365118793235628
359,2026-06-15 23:00:00,0.29928955134339313,2.515377368495384,1.913622558809247,14.34822985015023,63.40544950092339,1.7720398847272434
360,2026-06-16 00:00:00,0.22195570919708232,1.390300815447572,2.0043726508862836,14.006794327848928,66.85598582607645,1.691670466946451
361,2026-06-16 01:00:00,0.27519367102059566,1.6339337432028596,2.6154328127570645,10.874070299741524,68.94227730133116,1.42590353824155
362,2026-06-16 02:00:00,0.32076147229595986,2.0749892394388834,2.273203951425116,13.69478298628833,65.10239554036941,1.7211808174017589
363,2026-06-16 03:00:00,0.28353665626662283,1.5603798681396976,2.67805765581864,14.584233621751956,63.324364480633484,1.7914241455890927
364,2026-06-16 04:00:00,0.17792772796021783,1.5172607467105732,2.3947375586348616,12.409145189073204,58.87381893606975,1.5096977111853616
365,2026-06-16 05:00:00,0.2919371000608128,2.084024206551765,2.780163119650581,8.25160089153575,66.86306307432775,1.1794192471803693
366,2026-06-16 06:00:00,0.18341513079953367,2.756604903157961,2.7243830986718205,11.53091095853797,62.07495794110533,1.4588230152189476
367,2026-06-16 07:00:00,0.17419545714788223,2.7981564933975225,3.2207420372575677,0.42342826841431425,69.28581023801584,0.36935351614233897
368,2026-06-16 08:00:00,0.17225048044507707,2.3116832396557676,2.2703314417118388,9.589219953758246,63.36898725685436,1.2429654317375485
369,2026-06-16 09:00:00,0.3143751989772835,2.246637409623029,2.5517623646875527,3.9179478900154017,71.43648836001212,0.7612954098690028
370,2026-06-16 10:00:00,0.33431308386193864,2.025174224483311,2.204897917308194,22.39489230618434,60.93385539211068,2.587721300056053
371,2026-06-16 11:00:00,0.31528350879099265,1.4617090746201349,2.6239816244088567,3.5028613018403654,59.87438945729504,0.6889946602612897
372,2026-06-16 12:00:00,0.33318392611597397,2.267389106179361,2.6576865698404055,17.37097628761215,59.20609259209908,2.0971862780988366
373,2026-06-16 13:00:00,0.31851947522797,2.657737718344706,2.7402492112245085,14.21378351052715,59.44922255194433,1.7836878581114795
374,2026-06-16 14:00:00,0.29942759529492935,1.582799253579625,2.670063204421782,7.065385197033413,60.149733165456766,1.041573875540296
375,2026-06-16 15:00:00,0.21608938886161447,2.619474745358816,1.6104377850025635,7.26037167725948,63.057803681494285,1.018409940038625
376,2026-06-16 16:00:00,0.3339774855096419,3.3283675683944898,2.0417184476568,16.13300916357586,60.160906907585485,1.9776858267709874
377,2026-06-16 17:00:00,0.03812727024836454,2.0287171783800835,1.5091578406835051,17.113837603829303,68.21092529885071,1.9181269046448188
378,2026-06-16 18:00:00,0.21449199462014565,2.893989218638873,1.778297052554037,11.677318337923179,57.11158298312744,1.4578869654820816
379,2026-06-16 19:00:00,0.24843584685466513,1.8906192283329288,2.369108995927954,5.200694334238271,71.71684015819025,0.8491199017532212
380,2026-06-16 20:00:00,0.38104831174846465,2.165163627558165,1.9651860544581858,15.654148060497795,61.06159064372286,1.9317775740048941
381,2026-06-16 21:00:00,0.3537863766976962,1.079017558916014,2.382109974313748,11.80866896685905,67.11003058608132,1.5373962413263507
382,2026-06-16 22:00:00,0.21917178683584715,1.3044834903987268,1.5553550137031267,14.506113432892313,63.29534527547088,1.7215227250946707
383,2026-06-16 23:00:00,0.3291300132579678,2.31712450889724,3.123676832590606,19.612155486389206,65.59396557351275,2.342925415326119
384,2026-06-17 00:00:00,0.10181642845884947,1.5709610356426071,2.9186158779245424,11.209452898671161,59.430551863069674,1.3695520372222751
385,2026-06-17 01:00:00,0.20272139631231445,1.8632346544546157,2.9552567961471374,15.337547375759275,58.59886916548637,1.8332863228060392
386,2026-06-17 02:00:00,0.4009424071712049,1.6036320769566248,2.6570390955313505,13.044286604262197,67.72772438178544,1.6994041194577243
387,2026-06-17 03:00:00,0.1490107788969736,2.029582793498521,2.300487887393681,15.522633158326009,68.77712610260603,1.8309573504548868
388,2026-06-17 04:00:00,0.08739081053805714,1.8583709839913165,2.6037303393723517,6.495709922636042,61.059154850078095,0.8912457256433634
389,2026-06-17 05:00:00,0.3121611690317165,2.366885307760335,2.440217079262751,13.94239870082552,67.01203233322137,1.754305758015155
390,2026-06-17 06:00:00,0.2622575190271632,2.140112823823722,2.5858642620183807,12.029403538766795,66.75105623452735,1.5393854673401228
391,2026-06-17 07:00:00,0.4151233270525879,1.0709398355832132,2.8081569410252913,4.780255536946832,59.959443309154175,0.8610522067296392
392,2026-06-17 08:00:00,0.43661784989160435,1.8568097797307768,2.522357869414534,15.877699363667784,68.87494408209183,2.0020415470733366
393,2026-06-17 09:00:00,0.12523990482384523,2.0856194979057543,2.0985444870126027,15.87639803540813,66.560852410545,1.8474268640398532
394,2026-06-17 10:00:00,0.40196174291661363,1.8652873875756184,2.5803663841461555,10.052537803555119,68.41794122521557,1.4043338351381607
395,2026-06-17 11:00:00,0.37699432506086195,1.9521121948557727,1.483490076520118,14.928418534703733,55.98338539206565,1.8329847676904754
396,2026-06-17 12:00:00,0.2961881347608892,1.938219313647273,2.5963057305403447,18.699734585936344,61.39349991771668,2.209737835055183
397,2026-06-17 13:00:00,0.10097697039184161,2.2045989525455685,3.3977011364056,8.140060986904496,59.35583653004243,1.0846343477315428
398,2026-06-17 14:00:00,0.23452664432358847,1.7168643110576607,2.551982379127096,14.170856922409772,59.941264372245094,1.7210897310526898
399,2026-06-17 15:00:00,0.47404959651699685,1.6231193630020297,2.402310809366939,13.991505848680253,69.0466857682906,1.8240984759002776
400,2026-06-17 16:00:00,0.21750553271428819,1.888380067023856,2.4093850473290632,21.00047915253988,65.90216404790827,2.4057671322715906
401,2026-06-17 17:00:00,0.37585026348782585,1.6927416242956144,2.663264598452911,15.018154254465303,68.0367544706819,1.8873835022791592
402,2026-06-17 18:00:00,0.49928344538984426,2.5202747016965192,2.318701136042957,6.927576541936724,70.89627243758763,1.1454032266918055
403,2026-06-17 19:00:00,0.3771605255257032,1.9185104630170355,1.5006844213359847,19.28819622754947,66.6991614297275,2.28738455056532
404,2026-06-17 20:00:00,0.3123541990598195,1.569175833399358,2.5682345211529625,14.130611500364191,69.35432889689919,1.7671598492436313
405,2026-06-17 21:00:00,0.18854176740540113,2.892120852235491,2.065600990194783,15.484215767232941,63.78763370761265,1.8452615717523484
406,2026-06-17 22:00:00,0.22969484217934943,1.6756763294217247,2.7062385210392237,16.364264533828425,67.18546345486637,1.9538603652719613
407,2026-06-17 23:00:00,0.3607083286563337,2.476136026676741,2.440144286657062,19.80530581285735,66.54778989002776,2.364021458078171
408,2026-06-18 00:00:00,0.3690123545263809,2.079847284650276,2.3861478257726376,20.5215887750748,62.31347715488797,2.4242271185368183
409,2026-06-18 01:00:00,0.23007990953292054,1.2417457150579776,2.1165813015230692,9.208126572018621,63.14487349524736,1.2094841506778342
410,2026-06-18 02:00:00,0.2672240265126069,1.9650999011559207,2.994122663013726,25.233011127575097,63.754912552622216,2.864162273456622
411,2026-06-18 03:00:00,0.382150372995694,2.319991260729579,2.2102991440181943,13.127222552275356,63.48808462821695,1.692485564945168
412,2026-06-18 04:00:00,0.22685030121287386,3.232240142868565,2.847784792555581,8.453226073226766,64.6414898421732,1.186538879761173
413,2026-06-18 05:00:00,0.317797836285165,1.6377135678672992,2.3443739707789626,13.712800005591149,72.23775680607359,1.7284083569612132
414,2026-06-18 06:00:00,0.31647590356401856,3.2415874692986177,1.3142677469852753,7.580750321703669,66.54931407050621,1.1057641819848605
415,2026-06-18 07:00:00,0.29193178987918245,1.7797776665795904,2.0553664217414958,17.72328040238875,69.3792898710466,2.1077323763619873
416,2026-06-18 08:00:00,0.3710485496977135,2.908072111791444,2.4542354666203385,10.201180959458956,68.94518208741286,1.4200660315238092
417,2026-06-18 09:00:00,0.38668971486883597,2.4589068393857922,1.7698252580690097,12.861193541424036,65.2078556050492,1.6622462795939525
418,2026-06-18 10:00:00,0.22681069790578678,1.4919717577025682,2.732258282144141,20.267111259040405,69.21515855691189,2.3439021197617924
419,2026-06-18 11:00:00,0.19988299141190574,2.824731179293992,2.2376254636435426,13.953772037975149,71.84966372118004,1.7145291122745518
420,2026-06-18 12:00:00,0.29701231708682685,2.1444620924415645,2.5906935314388395,14.066678590642507,66.02054002204412,1.7580873573898619
421,2026-06-18 13:00:00,0.39259473091591246,2.196306999204346,2.324338802942131,13.418266681427049,73.40449640426702,1.7442972995437815
422,2026-06-18 14:00:00,0.23289870803135826,2.414234976815208,2.929752158124479,12.693786120214172,65.36327066160081,1.6030466712313438
423,2026-06-18 15:00:00,0.2213079276409306,2.1744842069339545,2.638743511980535,20.616843108512157,68.2297925920761,2.3836739959839024
424,2026-06-18 16:00:00,0.39042367025320823,2.519213011378457,2.3930471265350453,18.820882739638076,66.07606632501933,2.2780211280515394
425,2026-06-18 17:00:00,0.3108927678136961,2.409655296474053,2.641964576929532,12.98450376264458,75.0,1.6774597268833509
426,2026-06-18 18:00:00,0.3651810556674683,2.776283207991284,2.1038125980815967,18.023347651492813,67.54978376781328,2.186211713944195
427,2026-06-18 19:00:00,0.36917907606043,3.532633945726078,2.6956461059630112,15.221940339215314,60.70458483782977,1.9235158391030993
428,2026-06-18 20:00:00,0.4268142156209168,1.6625186257333282,1.9627082101842646,18.05811537875904,62.726468473786426,2.18772814690865
429,2026-06-18 21:00:00,0.3796091459813461,1.8544076753881502,2.534959699537815,21.67876434856704,69.68584802861717,2.5575094569995547
430,2026-06-18 22:00:00,0.20210680213031934,2.7242363749073917,2.1586787913049315,20.50582583284214,75.0,2.372543899997899
431,2026-06-18 23:00:00,0.3025251784880405,1.9745742926001324,2.68661219089856,9.149225679873059,73.95766053068607,1.2821376575706518
432,2026-06-19 00:00:00,0.21102718860032427,2.1785973312668534,3.0528680405603605,11.093783254833294,75.0,1.4487174908154192
433,2026-06-19 01:00:00,0.24524731953330908,2.3199915244050664,2.1734328040494,20.05895143540208,72.85632844745602,2.3377029189941947
434,2026-06-19 02:00:00,0.2696544359752252,2.279378086383805,3.2914552738671667,17.168385275182636,71.00287535603495,2.0839891882788866
435,2026-06-19 03:00:00,0.37943095311923325,2.576507100261545,2.7709448273234787,16.077681587243497,60.24493499199458,1.9989761203469232
436,2026-06-19 04:00:00,0.2337024053280357,0.9226203093928498,3.0515613010795044,12.271254052484835,75.0,1.5559644363725442
437,2026-06-19 05:00:00,0.1226407521230502,2.0139914147918363,2.4683837599356324,19.304368705612074,71.37218964539274,2.2053719115848627
438,2026-06-19 06:00:00,0.4376305340717094,2.8176914559036073,2.0100069688184337,25.33674995544134,75.0,2.962180362274953
439,2026-06-19 07:00:00,0.37981894705415764,2.320845169850084,2.2164704915683844,2.429008678753833,62.69013353447534,0.6203808726103677
440,2026-06-19 08:00:00,0.05731575933527,2.528397805676925,3.5100519216649997,18.115802808038744,69.81694476942333,2.0882990123648595
441,2026-06-19 09:00:00,0.2710950110445577,3.03283652161784,2.603129828778429,20.024805866513987,69.74579729969184,2.3634782567140555
442,2026-06-19 10:00:00,0.3598795273294392,1.7431807744872514,3.049332063191714,18.910764643881237,70.08117466978952,2.2832906337584924
443,2026-06-19 11:00:00,0.3853072631667999,2.05115355734008,2.6991564799573537,17.171343332040223,75.0,2.125943604114477
444,2026-06-19 12:00:00,0.287838020254867,2.633395211421838,2.780922162175097,5.9112444167265,71.73924766462413,0.9610740910005546
445,2026-06-19 13:00:00,0.30756893104169286,2.619398826319654,2.8308286437807175,19.05372260042707,63.40425761260639,2.271072200031541
446,2026-06-19 14:00:00,0.16521275982018416,1.8891030382504703,2.5185284612763223,15.296548506832238,75.0,1.8296655006741571
447,2026-06-19 15:00:00,0.32560690639375245,1.760500744340216,2.560349557898739,18.11244201387834,71.22982968939547,2.1776847812395226
448,2026-06-19 16:00:00,0.24687932122891593,2.3619174721672764,2.9618609538919456,15.26139962007339,75.0,1.8828064239906652
449,2026-06-19 17:00:00,0.3768522612341915,2.486699309107362,3.404972867340321,24.26448244311983,73.05855655013137,2.852912395892642
450,2026-06-19 18:00:00,0.31045511001716564,2.103675946513286,2.8845116163892315,14.752997227484014,73.80640995623364,1.8530131837464536
451,2026-06-19 19:00:00,0.1913642558012651,2.1278303950447293,2.419427243256046,15.153057778505762,63.58312764141564,1.8092033452057297
452,2026-06-19 20:00:00,0.3618888165784342,2.2302860640004556,3.000129270179028,6.820347229408782,66.1275815118534,1.0752480683191075
453,2026-06-19 21:00:00,0.4415114866613713,2.347068872553856,3.762738017744645,9.668239680451935,71.16342809367686,1.4264803310153753
454,2026-06-19 22:00:00,0.2065632568236849,2.422887444316867,1.2895331787691142,19.95676949000547,74.20915915228075,2.2915804497644556
455,2026-06-19 23:00:00,0.4486210289606808,2.751574247746519,2.9772650507514,12.396681133671365,66.17274564634316,1.6811061107215683
456,2026-06-20 00:00:00,0.07405213537880492,3.267652512941351,2.2635006615376767,14.009320522976392,67.3698485086754,1.6623132639099958
457,2026-06-20 01:00:00,0.4104567165900461,2.4331640086673856,2.570701432159626,19.984371075584715,70.43958920182591,2.414146505932705
458,2026-06-20 02:00:00,0.40696464225600165,2.7747910140943386,2.6684134161253694,13.730297062916952,71.67477081997265,1.7973935845527056
459,2026-06-20 03:00:00,0.23755688429054628,2.5782057486592103,2.4087044197592,17.39796173139409,71.23299055992698,2.0754410193130965
460,2026-06-20 04:00:00,0.2560361026335852,1.8930324357515604,3.1781652666607108,13.612001448848478,65.99304755258078,1.7041564425250002
461,2026-06-20 05:00:00,0.34334642370666735,2.6065790641321906,2.573984782457658,22.915614224190943,72.65390033912487,2.683086951967331
462,2026-06-20 06:00:00,0.3714837034726655,2.3758002948611248,3.078651040981708,22.359175053798648,59.874520781166964,2.6271664023541326
463,2026-06-20 07:00:00,0.5072473291648208,2.0333447693824978,3.8870815845511073,18.549471931871558,66.73537078502578,2.3351884483249803
464,2026-06-20 08:00:00,0.23374241190460732,3.280252504550498,2.1629705011878486,12.873793703299171,68.120620733381,1.6214549672142329
465,2026-06-20 09:00:00,0.3678441037913372,2.353053498925694,3.6707189036453136,15.965144517006257,75.0,2.0265845291846207
466,2026-06-20 10:00:00,0.4000656327988822,2.2810716321858737,3.6306652945982134,17.44323514117735,75.0,2.187064028523115
467,2026-06-20 11:00:00,0.3026156004635406,3.0434945117311782,2.6424925623234206,15.382599345632695,65.4374233407999,1.9075390395167224
468,2026-06-20 12:00:00,0.26530995468627816,2.2233578366338698,2.716631995942185,16.461587227285463,75.0,2.0028915797153286
469,2026-06-20 13:00:00,0.33416891124464715,2.6829451982465713,3.0024910013247497,16.405581989600524,74.88153170380338,2.0436741216316063
470,2026-06-20 14:00:00,0.2377490338513668,2.74078948669838,2.27515441001641,19.104592722209695,71.78775164904407,2.2465202661675017
471,2026-06-20 15:00:00,0.47279289290286053,1.9159327447567926,2.08737718764721,21.31878729861622,75.0,2.563517821209706
472,2026-06-20 16:00:00,0.335044444833926,3.1478054851616264,3.31867375273209,11.765275627249984,70.90367978257241,1.5888414526747086
473,2026-06-20 17:00:00,0.35995218519389544,2.47502669797503,2.6659061010565845,21.744921241327205,71.16832190260678,2.5712260026875398
474,2026-06-20 18:00:00,0.3921568099167091,2.3974385525823942,2.6657532563408664,20.470111431594056,74.19115100737471,2.4625235121073445
475,2026-06-20 19:00:00,0.24692661798183374,3.0146704359383767,3.5304992459474986,11.081691616164685,69.5404263267048,1.480539568177207
476,2026-06-20 20:00:00,0.5754236425655295,2.1180076527485348,2.9468862297179395,9.32481868103498,73.01495319923718,1.4329221444583198
477,2026-06-20 21:00:00,0.2876962086366066,2.4240581419244887,2.8500781702976905,20.049076510674908,66.02056169922558,2.3631719945354326
478,2026-06-20 22:00:00,0.18472767940415585,2.56723183100882,2.027167207333527,15.482229145177438,66.16098474403603,1.8410188841921127
479,2026-06-20 23:00:00,0.405616591708404,1.8721515556071258,3.5283213912413456,15.78354820416027,75.0,2.0142833836630034
480,2026-06-21 00:00:00,0.509965646847428,3.5583540074841844,3.1571781487575685,26.719197891594426,74.45709554119561,3.1738982057437806
481,2026-06-21 01:00:00,0.29764495297333154,2.581440274697804,3.4413809306659218,12.936844293805551,68.29971784529724,1.6778756851215288
482,2026-06-21 02:00:00,0.21622864346314752,2.9326087355356956,2.895566021228206,19.75251452389692,65.82831841930059,2.3098123513467868
483,2026-06-21 03:00:00,0.3017409589462849,2.6657844643872637,2.4593346707793313,19.09447968275923,69.3613533914881,2.274214674423887
484,2026-06-21 04:00:00,0.41556238392185174,3.0902372569745546,3.2236475519734493,18.890142874110616,67.16704971580764,2.328712711972557
485,2026-06-21 05:00:00,0.3397877936765429,3.6025427157543755,1.7106408865087297,20.63560220962167,72.82777169284145,2.4487588808721585
486,2026-06-21 06:00:00,0.3545317170961622,3.109846821553716,3.4928507305121164,20.03504926166166,75.0,2.435597342890935
487,2026-06-21 07:00:00,0.4484379569323563,2.885219943510308,3.206270227698938,12.67958536281239,75.0,1.7324840005978144
488,2026-06-21 08:00:00,0.3775686768222759,3.13187418239359,2.976500612135585,22.77421914911107,66.4120042362504,2.6927982550597975
489,2026-06-21 09:00:00,0.34889492665361865,3.4891303225833714,2.619342300962261,9.912381181039057,75.0,1.4052126201848902
490,2026-06-21 10:00:00,0.29447443945596496,3.0738459810444696,3.8136986488504543,23.827128381948405,72.77543671036054,2.790672241395682
491,2026-06-21 11:00:00,0.5048486064955116,2.584348315183162,3.9574605115204897,30.320123595553866,66.06809266292314,3.52093889800614
492,2026-06-21 12:00:00,0.475203020415784,2.3280178896368646,2.4294345451976658,23.564596010171517,75.0,2.804630578596425
493,2026-06-21 13:00:00,0.10130718135434566,2.1777981937405966,2.7188628681899205,13.614424950815323,74.1699924617427,1.6403471613215383
494,2026-06-21 14:00:00,0.290836993226137,3.185557652200222,3.287991611283473,18.808204736029143,75.0,2.279655694661321
495,2026-06-21 15:00:00,0.49320398008677246,2.192163590163635,2.3812921904807975,16.251734793130797,75.0,2.0781847949326413
496,2026-06-21 16:00:00,0.19273013151728458,2.4979736215509067,3.0494419709930525,19.9063978983959,75.0,2.3267714460271103
497,2026-06-21 17:00:00,0.4838188669886818,2.015405772424092,3.2933783393893634,21.284774179704833,73.85037308076849,2.5950312176451242
498,2026-06-21 18:00:00,0.3702805902988399,2.9271267747627436,2.7501642466977327,12.064937981969978,75.0,1.6242424294221531
499,2026-06-21 19:00:00,0.2522083697996196,2.8633505639519354,2.9625556010092127,21.187807788625665,74.8379455030177,2.48600198179388
500,2026-06-21 20:00:00,0.25833459880701304,3.514555457126232,2.982672587776607,22.7897994140732,74.58535544967222,2.659949474113186
501,2026-06-21 21:00:00,0.42338108512533706,2.204599502724514,3.0267460929120786,14.084381397356704,67.45730838585295,1.8325624758906531
502,2026-06-21 22:00:00,0.17228054990488753,3.5530314506304217,2.5226639526644776,16.761804111697597,75.0,2.0072886456139
503,2026-06-21 23:00:00,0.4268493277114251,2.7722596958223105,3.104635250065185,24.80795556001773,74.01787436254197,2.9292401723007693
504,2026-06-22 00:00:00,0.31907922928967636,2.941812453557737,2.95702148132752,22.97884936348718,68.52485232657463,2.6862543146512206
505,2026-06-22 01:00:00,0.27360695056763906,3.4964562808955733,2.932229041953618,20.831079388804877,75.0,2.4702784121363917
506,2026-06-22 02:00:00,0.38464868976096456,2.2521390497134006,3.3248924771283592,21.43286174398476,75.0,2.5707846464878883
507,2026-06-22 03:00:00,0.38846429507211494,2.8970210681812434,2.800132061118338,19.88282266563042,65.52888141254815,2.3988412956925296
508,2026-06-22 04:00:00,0.4239286724821877,3.107278378172489,3.7793976693167823,12.101394953206492,72.39090466257207,1.676883701913223
509,2026-06-22 05:00:00,0.23201805049321872,3.6912787616164304,2.8917602329330445,21.245650396367136,75.0,2.494775957055026
510,2026-06-22 06:00:00,0.3045115356103429,3.7205705568822025,3.6103159065323576,20.21222997471789,75.0,2.4433445349103664
511,2026-06-22 07:00:00,0.42410311620343205,2.922776899196426,3.4858719807329748,14.693168230287878,71.51807395340121,1.92422349471084
512,2026-06-22 08:00:00,0.13262571384569222,2.111072121634533,2.8150213023959383,22.224500100642445,75.0,2.5185322907410854
513,2026-06-22 09:00:00,0.43291503766249456,3.220101527570495,2.9309753064761574,17.224256814814304,71.23894576391022,2.1720011319542545
514,2026-06-22 10:00:00,0.46462035436584825,2.645160586661811,3.2383742043486476,19.015911792889966,75.0,2.370387052556464
515,2026-06-22 11:00:00,0.3856294239152926,3.296618540005592,3.5515172722000066,12.79320335796396,71.85745246965826,1.7249268804030953
516,2026-06-22 12:00:00,0.4155714382236962,2.3295088441430036,2.7034073293050365,23.816461348231396,75.0,2.8091690125428253
517,2026-06-22 13:00:00,0.29895120410849857,2.303533869307561,2.799591208890741,12.51550893629445,75.0,1.6272207286537326
518,2026-06-22 14:00:00,0.2836436880404668,2.508279944691181,2.398703354606674,17.60415929239308,75.0,2.1224109950802066
519,2026-06-22 15:00:00,0.3257263295203219,2.7145612552619562,2.3969141779986503,21.562428391176947,75.0,2.541053954992326
520,2026-06-22 16:00:00,0.5884242549509191,2.9378607843957107,3.625299497658029,29.148228129737504,75.0,3.455310417011345
521,2026-06-22 17:00:00,0.6646222609812167,2.587801681293144,3.0532937028509295,24.527109663062152,65.16656986713646,2.9912782276798637
522,2026-06-22 18:00:00,0.2988968042721413,3.4566443491078385,3.2641386241661343,28.77616169106297,61.24484094857837,3.2603772984243924
523,2026-06-22 19:00:00,0.14532695552684557,1.8655108991741425,3.475257001905392,16.901792787608844,75.0,2.004536876429603
524,2026-06-22 20:00:00,0.37474053846578675,3.1620918737056134,2.411655684233417,25.288394584708982,73.67166109886941,2.9418096587476326
525,2026-06-22 21:00:00,0.45744036805162336,2.6235200620066177,3.5009644180599877,19.15439211305078,74.30127590087568,2.3859206279444463
526,2026-06-22 22:00:00,0.2864489869352386,3.3746146198372022,3.416540961952983,23.502095056512132,75.0,2.7533841762642517
527,2026-06-22 23:00:00,0.1402745009692538,3.7423125215293913,3.5533100155493647,19.80807206795095,75.0,2.3260642547406634
528,2026-06-23 00:00:00,0.2925798225185418,2.4455292835474873,3.263538018562232,31.609618355746903,69.71257540404763,3.5385400441178283
529,2026-06-23 01:00:00,0.4078663645386812,3.0208150804037,3.4076395542029987,14.125215692551151,75.0,1.865615835346973
530,2026-06-23 02:00:00,0.1148423204630582,2.5107593510409463,2.775725569459397,12.211259854978005,75.0,1.5146796066519141
531,2026-06-23 03:00:00,0.47353770418540797,3.4988421407264445,3.7108366419719823,11.718578707040596,75.0,1.6708090307299075
532,2026-06-23 04:00:00,0.36331675601243324,3.6240592597131753,3.186195846141654,16.454336462654844,75.0,2.082484531529621
533,2026-06-23 05:00:00,0.3819597270659616,2.814621650320152,3.9140769405305598,22.130715577116405,75.0,2.663433291690834
534,2026-06-23 06:00:00,0.5177810441381475,3.3342453055045693,3.622138834266102,18.58558584572006,75.0,2.3729690218732866
535,2026-06-23 07:00:00,0.36828583663021336,3.2418048798481114,2.9005657950298174,23.768810963061078,64.19557109703777,2.784085420090193
536,2026-06-23 08:00:00,0.360486116308947,3.2434376519597303,2.5595741343307497,19.355400180574588,75.0,2.349275217969849
537,2026-06-23 09:00:00,0.2243979340338898,2.343130370812465,3.4071143408694953,15.407074280918858,75.0,1.8978160815344944
538,2026-06-23 10:00:00,0.4497815189383045,2.9493333710132514,3.8467419906274736,21.42588884827593,75.0,2.624814805883638
539,2026-06-23 11:00:00,0.5796577853552733,2.4720607455903507,3.5506899817095263,3.141302551146298,75.0,0.8409432243831246
540,2026-06-23 12:00:00,0.32333950528962785,3.626499226765903,2.406944360688003,20.908293124327834,75.0,2.4899885378829834
541,2026-06-23 13:00:00,0.3610905439397283,3.370860203296666,3.2653867047841447,14.029631218211431,75.0,1.8367463117826393
542,2026-06-23 14:00:00,0.299869720426373,2.573323829820751,3.044301718846451,19.973560530797744,73.504973688933,2.3814864492322863
543,2026-06-23 15:00:00,0.3760806318884045,1.8521860734346731,3.3901932665280534,24.252952315243196,75.0,2.8438058521618714
544,2026-06-23 16:00:00,0.3306334921594492,2.0341103480302816,3.2438105549342313,21.122179820177085,73.44510098196568,2.506444642780928
545,2026-06-23 17:00:00,0.1948492364984736,3.8035510343116723,3.4380877800968177,20.22103359007334,75.0,2.390688832421318
546,2026-06-23 18:00:00,0.3757740386390605,3.4085598312108436,3.808459733635953,17.94862759999159,72.09909096490594,2.244626533065505
547,2026-06-23 19:00:00,0.31133355982744626,4.4171817236052995,2.932068939834933,26.553164307884735,75.0,3.0752406067334066
548,2026-06-23 20:00:00,0.37125766421759854,2.8299711809994834,3.0189973795163825,11.198484463566299,75.0,1.5431496031994703
549,2026-06-23 21:00:00,0.41617933613258845,1.8420669965114476,3.8578041789696518,19.288333981005177,75.0,2.377372734533602
550,2026-06-23 22:00:00,0.2656180114533343,3.1131786880386065,3.4081459029838785,14.997739150551347,75.0,1.8887671472877052
551,2026-06-23 23:00:00,0.3089581925028822,2.54470724175978,3.3754952108004357,22.958755870001387,75.0,2.694581188307883
552,2026-06-24 00:00:00,0.47671055359970016,3.014586907304877,3.7920984536419535,15.290142894809076,75.0,2.0233904662788444
553,2026-06-24 01:00:00,0.5439053310597068,2.870014539176841,3.3346723771241,13.043785817520993,75.0,1.8159225413806002
554,2026-06-24 02:00:00,0.38668135281924837,2.2277660501727063,4.174914328058654,15.883690913405037,75.0,2.0376500452249084
555,2026-06-24 03:00:00,0.3815616436603116,3.4051558431128512,3.452311078534368,27.765702257753176,75.0,3.225046318948544
556,2026-06-24 04:00:00,0.2408672064842503,2.3845415956518625,2.8806434483488057,13.414880904828006,75.0,1.6937263613624458
557,2026-06-24 05:00:00,0.25171158822675177,3.5605201006087763,3.036888289314019,20.49034084371917,75.0,2.4297832172907445
558,2026-06-24 06:00:00,0.2631703417264089,1.6336750098843333,3.163965468118562,18.904583242525028,75.0,2.247558957257416
559,2026-06-24 07:00:00,0.46954504530333163,3.1806776073143332,3.631860606809843,22.71962519598236,75.0,2.7617937708836138
560,2026-06-24 08:00:00,0.5738902341461698,3.2593874823855473,4.092325028286663,19.575532517536463,75.0,2.5083672627545957
561,2026-06-24 09:00:00,0.4715112322929627,3.072787760626047,4.720015148395349,17.88363325168119,75.0,2.3045077467999544
562,2026-06-24 10:00:00,0.29136860704946477,2.3610873357209647,3.682855045658299,27.10826529159905,75.0,3.1060375243625122
563,2026-06-24 11:00:00,0.3429883846048071,2.006883884082315,3.0472093759803496,20.00699755059158,75.0,2.397940730377023
564,2026-06-24 12:00:00,0.36085586360337263,3.2222618965947736,4.7029048100839255,21.78018331046193,75.0,2.645154521193757
565,2026-06-24 13:00:00,0.3140053914599334,2.663885205259998,3.7054548503113467,19.134749868267807,75.0,2.324745354955684
566,2026-06-24 14:00:00,0.34073058697648434,2.777109774890029,2.7658493712661496,18.697209041895338,75.0,2.271722917125831
567,2026-06-24 15:00:00,0.32235663598654085,3.1368212666281594,3.7731752516226535,20.42535484145679,75.0,2.467235550547576
568,2026-06-24 16:00:00,0.5573512350852179,2.2814196685292916,3.543939119247521,16.85030518119855,75.0,2.198202033648577
569,2026-06-24 17:00:00,0.3472516218002838,3.205205921878511,3.256908585093713,15.840361161251467,75.0,2.0084592535704897
570,2026-06-24 18:00:00,0.522439859897556,4.096391417239168,3.7957105526211756,9.865075454742916,75.0,1.520109933588214
571,2026-06-24 19:00:00,0.4082716122475261,3.7774486399659346,3.915170764190594,13.00521358309454,75.0,1.7791015013811209
572,2026-06-24 20:00:00,0.3413808477068597,2.9016912345234345,3.4230971711901397,17.59989879916885,75.0,2.180799565848935
573,2026-06-24 21:00:00,0.595318249176042,4.385474147112989,2.991027635058653,17.975191296471685,75.0,2.3494586699869187
574,2026-06-24 22:00:00,0.2167750224592599,2.4536573010391103,3.254603773637346,19.50234075026514,73.80129414302043,2.299787078675326
575,2026-06-24 23:00:00,0.3991215462922481,2.993283042242957,3.5159368446308763,25.077103668189793,75.0,2.9590171279089623
576,2026-06-25 00:00:00,0.49903344587122855,3.2095924387579253,3.662698531663354,26.17910321967358,75.0,3.122604466262804
577,2026-06-25 01:00:00,0.4354328754540192,4.3390276200243045,3.0899462711083285,14.295434654279378,75.0,1.9093886134739537
578,2026-06-25 02:00:00,0.508962210379414,1.7029223399656548,4.030049746580045,21.59431577563233,75.0,2.6527808406144775
579,2026-06-25 03:00:00,0.2767097073109308,3.3063986812309185,3.6647189838738115,17.499584456918345,75.0,2.153705582408493
580,2026-06-25 04:00:00,0.4458763040349349,2.863806642842274,3.275995246280768,21.412446259378846,75.0,2.6059740260372672
581,2026-06-25 05:00:00,0.346260042074603,2.704712071090944,3.9077076365918617,19.985670946464165,73.09668703590603,2.427179417942313
582,2026-06-25 06:00:00,0.29831335525766006,3.522962164923838,3.9161960233726427,22.708147420938843,75.0,2.6944291106298475
583,2026-06-25 07:00:00,0.5829720302850052,3.6383827403994817,3.479592628278085,27.252150436443472,75.0,3.2712189304965715
584,2026-06-25 08:00:00,0.6102351909844835,2.6439543443304796,4.139823888189859,18.192468539358654,75.0,2.377765712930647
585,2026-06-25 09:00:00,0.36479593739289634,3.5038023416666055,4.034835936367942,21.339934672250187,75.0,2.590938771876045
586,2026-06-25 10:00:00,0.4484770307167348,2.1251202376585994,3.2463134686977724,25.81742978121163,75.0,3.034619229086176
587,2026-06-25 11:00:00,0.3414086850272862,3.7298387573962324,2.82539189743714,12.758678858119447,75.0,1.6955502466087595
588,2026-06-25 12:00:00,0.5265573419466238,3.1946968522171457,4.0417286475531835,17.557524439390097,75.0,2.282377418006204
589,2026-06-25 13:00:00,0.5235561425291558,3.2200187305614674,4.331739066674719,13.439120457766293,75.0,1.8768241426656924
590,2026-06-25 14:00:00,0.27313847680383657,2.670867110997211,3.56227362963059,21.16592104241828,75.0,2.505537654031134
591,2026-06-25 15:00:00,0.45493905216619085,3.53234123602309,3.224697280938061,14.657032174444597,75.0,1.9444752184597651
592,2026-06-25 16:00:00,0.2899806502336667,3.4190421720355983,4.308511979275205,20.231976329400556,75.0,2.4510420366348846
593,2026-06-25 17:00:00,0.45617952006109647,3.8788972057801194,3.8165129955291706,22.288025697105745,75.0,2.728718420063744
594,2026-06-25 18:00:00,0.4246780228334754,3.0435499718771264,4.108653863617754,22.120525802173606,75.0,2.690810345807767
595,2026-06-25 19:00:00,0.32142777070750805,3.3168260306957738,3.7324732599944745,19.37628943353925,75.0,2.363882832314383
596,2026-06-25 20:00:00,0.5397949833887821,3.3039771245036427,3.359925036505286,27.53890835364553,75.0,3.271401737692603
597,2026-06-25 21:00:00,0.2755880975148953,4.153026323825545,4.245115987180517,24.028887593341203,73.00885610330023,2.8313056090652
598,2026-06-25 22:00:00,0.4542765161543376,2.9104669053108005,3.5068131424365174,20.54492838632837,75.0,2.529647378155441
599,2026-06-25 23:00:00,0.2636346543296299,3.045051181168917,4.400259891450634,21.746209783803643,75.0,2.5863662062812196
600,2026-06-26 00:00:00,0.24238056330181085,2.8586220588078364,4.077095265945517,21.567467132320257,75.0,2.5474960929815236
601,2026-06-26 01:00:00,0.43787374690344777,2.4847152697814003,3.1914040897106886,24.460967756177695,75.0,2.898699719345045
602,2026-06-26 02:00:00,0.7032253793900942,1.9463995343626725,3.272660114924584,19.803286469299522,75.0,2.548461046588536
603,2026-06-26 03:00:00,0.39706261799099246,2.018392764003557,4.136543198657831,20.649487058835238,75.0,2.514572179919611
604,2026-06-26 04:00:00,0.189160683148556,2.5291422815244764,4.046045542871894,13.484937978938039,75.0,1.7084125833358776
605,2026-06-26 05:00:00,0.3865134423013687,2.6922481551213426,2.776807065655218,26.294343891998874,75.0,3.0514265327779184
606,2026-06-26 06:00:00,0.5445112246037384,4.624784032846717,2.9199494833287987,21.00072760480312,75.0,2.63077444916593
607,2026-06-26 07:00:00,0.3549023900683524,2.5614465474221983,4.3369764570399365,26.56110709037162,75.0,3.100337344189587
608,2026-06-26 08:00:00,0.5704031657234645,3.2509724002736267,4.194915471638621,28.744396699128693,75.0,3.4260687744339906
609,2026-06-26 09:00:00,0.33514531691652344,2.956947692636011,3.4389712623315605,18.649527020070828,75.0,2.284202243898364
610,2026-06-26 10:00:00,0.5904485514004988,2.745213962171011,3.758261945475682,31.04090068163155,75.0,3.6456252436948158
611,2026-06-26 11:00:00,0.39432289428633044,2.664691486733221,3.4956527273844813,21.848660802346775,75.0,2.627974450004069
612,2026-06-26 12:00:00,0.45165361822026495,3.528812520124256,2.9427385951724134,21.84740184263768,75.0,2.654888052074396
613,2026-06-26 13:00:00,0.30096213606109085,3.525260682237814,4.1482288669680685,18.23278717580616,75.0,2.2539547300453324
614,2026-06-26 14:00:00,0.5923946201595336,3.4527213715379874,3.5955793520755144,20.213351076152417,75.0,2.571493194049108
615,2026-06-26 15:00:00,0.5517369576169605,3.9429355671488935,3.9607554965513083,18.38817580817126,75.0,2.3875102324367528
616,2026-06-26 16:00:00,0.36245003499043027,3.4039780800040744,3.507063114477141,19.939723319018206,75.0,2.434976854125448
617,2026-06-26 17:00:00,0.38101489083683887,3.4667012577771033,4.511807832488334,25.395195851371813,75.0,3.0152565066133405
618,2026-06-26 18:00:00,0.33934476733716734,4.2138618223458675,3.623810410752063,22.772432574806945,75.0,2.7240005547974366
619,2026-06-26 19:00:00,0.47959540691963704,2.8695518675606784,3.7989099698252393,18.50021012595454,75.0,2.3434816973986172
620,2026-06-26 20:00:00,0.39246299646195515,3.7452636734888274,3.750017863236145,12.228452064956759,75.0,1.689463826726805
621,2026-06-26 21:00:00,0.35210748524708146,4.1917524812980895,3.5270026593234842,22.9613272355126,75.0,2.7459918232540157
622,2026-06-26 22:00:00,0.4947869391853398,2.7513308626868076,4.113718941967027,17.889323097658163,75.0,2.2953043452216177
623,2026-06-26 23:00:00,0.5809383421009913,3.276536966607839,3.9988272320297433,26.126553088454965,75.0,3.164670672579286
624,2026-06-27 00:00:00,0.43415836028563265,3.8481807446873404,4.325098520262718,21.59591985032648,75.0,2.661546920281883
625,2026-06-27 01:00:00,0.607028002527657,3.130541781066047,4.4096439992753185,15.6510181927638,75.0,2.13699573083433
626,2026-06-27 02:00:00,0.4161048825137584,3.123947255541341,4.591211728522073,17.705278659571064,75.0,2.2587326989041423
627,2026-06-27 03:00:00,0.31716118607479377,4.0028263096514465,4.073191509486783,29.443919554178485,75.0,3.388627945690802
628,2026-06-27 04:00:00,0.329438292387105,3.612549170634581,3.703330900839385,25.719409139349064,71.4159291911934,2.999912694338612
629,2026-06-27 05:00:00,0.3138978106755371,3.2410451336666015,3.4282156390523353,26.60147993703651,74.72163867199177,3.073577127697315
630,2026-06-27 06:00:00,0.45271513479272707,3.5498559973094124,4.309658681629441,17.947110948296352,75.0,2.2998726201471933
631,2026-06-27 07:00:00,0.4615154859362517,3.841039197422326,3.7467371431830574,32.52063612271144,75.0,3.7520668529905383
632,2026-06-27 08:00:00,0.3174602571247732,2.2304521876022516,4.2090692706907475,25.04753759919102,75.0,2.922985158313633
633,2026-06-27 09:00:00,0.45881445947535765,4.0113333784526235,3.5037493167615867,17.722290078516792,69.96255244062615,2.259063907250993
634,2026-06-27 10:00:00,0.31052176061631087,3.6253861582291482,4.356682604652565,24.082197826801384,75.0,2.850188030930257
635,2026-06-27 11:00:00,0.2675096900212466,3.0699931258333746,3.761220045746363,20.314949363170832,75.0,2.4294683451645884
636,2026-06-27 12:00:00,0.32968936275972677,3.017061447996163,3.3147427957862106,13.97477285536965,75.0,1.812104878999529
637,2026-06-27 13:00:00,0.3562273118956365,2.8200132518992627,3.574006468036117,18.689516669288068,75.0,2.2990249998125774
638,2026-06-27 14:00:00,0.432564306469151,4.043542298156993,3.72024777539004,23.271834343492618,75.0,2.8165374097217724
639,2026-06-27 15:00:00,0.3096977452951013,3.3058529667405216,4.595182644179548,22.575044831748,75.0,2.699729364457981
640,2026-06-27 16:00:00,0.38552879823091835,3.9601860127506474,4.848958421906264,18.409576032199613,75.0,2.335431377221985
641,2026-06-27 17:00:00,0.3981497829837309,2.8825387354650953,3.818807176496997,25.30202079489389,72.26881030591746,2.982077406538917
642,2026-06-27 18:00:00,0.5361371633988867,3.5043987039590254,4.360600953596448,17.920174646011244,75.0,2.3361973999033223
643,2026-06-27 19:00:00,0.29813596734937153,4.470324515954585,5.314926410558653,15.680515916391833,75.0,2.042341721029689
644,2026-06-27 20:00:00,0.260800201401305,2.48725795534377,4.64853519044778,16.135180238673705,75.0,2.0208653714355598
645,2026-06-27 21:00:00,0.42646616868356485,2.8647249781101003,4.427003689227463,25.936659451445728,75.0,3.078227337897095
646,2026-06-27 22:00:00,0.5155009974449203,3.56357584139515,5.325989188657485,17.497802411844905,75.0,2.309556783700704
647,2026-06-27 23:00:00,0.37577641838018083,2.718625706888207,3.9838228963509383,25.709134461305922,75.0,3.018565061836711
648,2026-06-28 00:00:00,0.3926826351301159,3.8695976670591756,4.3629769715809825,19.19799729611427,75.0,2.4039159324703467
649,2026-06-28 01:00:00,0.4570386760813717,2.9996037023437,4.3190787615429205,22.647342966461444,75.0,2.762955932973537
650,2026-06-28 02:00:00,0.48254611028117017,2.88939227657137,4.354567141289333,11.66715775474633,73.94073746239665,1.6739341114178432
651,2026-06-28 03:00:00,0.3818362255145319,3.1529262046007065,3.463526682106318,19.463743936271452,75.0,2.391053779667698
652,2026-06-28 04:00:00,0.3349921602707054,3.7760171241097957,4.183913193922201,18.663928706690214,75.0,2.317846430358613
653,2026-06-28 05:00:00,0.42629948792837585,3.8414298206895543,3.290775769387729,25.935576427278647,75.0,3.0659148219480667
654,2026-06-28 06:00:00,0.3915008012430539,3.2012490968210625,5.066533046138914,20.20218315735831,75.0,2.510238815827368
655,2026-06-28 07:00:00,0.496398960937849,3.681063142546229,4.412363820248469,24.240542790718216,75.0,2.954131984521936
656,2026-06-28 08:00:00,0.40839085329798464,3.210467396242448,3.4584488110365053,20.298547312223274,75.0,2.487622172400732
657,2026-06-28 09:00:00,0.25600384115654595,3.8298428088432908,5.025943230671967,21.627644924665073,75.0,2.599709750536943
658,2026-06-28 10:00:00,0.5762242096152065,4.3664134854234415,4.459273812859087,20.764727510711964,75.0,2.655988134517669
659,2026-06-28 11:00:00,0.6145348415020029,2.597991463285606,4.6201019049496574,27.918469919494406,75.0,3.363591207430812
660,2026-06-28 12:00:00,0.3085740750427922,3.9722909655542904,4.567958168095054,16.2986340153319,75.0,2.0819963538549615
661,2026-06-28 13:00:00,0.3778054166464385,2.9049152546277606,4.984449906928366,21.11197633551003,75.0,2.5879062110554885
662,2026-06-28 14:00:00,0.6009859048213254,3.085305252675528,4.839179643770456,14.829323650081793,75.0,2.0620220650588204
663,2026-06-28 15:00:00,0.427844863620988,3.3506957899256564,4.221172567036201,19.72981867712982,75.0,2.461133316681331
664,2026-06-28 16:00:00,0.5003965317343126,3.917540140146059,4.393173524785523,27.554570734021304,75.0,3.290841337434292
665,2026-06-28 17:00:00,0.3726682125097014,3.4364758643879454,4.9914335965093075,24.45012595162178,75.0,2.928384091108312
666,2026-06-28 18:00:00,0.3532832680876809,2.572851087110059,4.587335827575756,27.789985360586776,75.0,3.22892694406796
667,2026-06-28 19:00:00,0.4940157944816972,3.483918849664284,3.9583101236335283,31.107057231664285,75.0,3.625046425006708
668,2026-06-28 20:00:00,0.5757400650042965,3.74247775067703,4.5860493172151235,17.470858128477495,75.0,2.3191482036318014
669,2026-06-28 21:00:00,0.41384639800697576,3.221157102937675,4.134555989832948,27.12170192795743,75.0,3.189536418934154
670,2026-06-28 22:00:00,0.3083051037353952,2.991500103978053,2.892240372979563,21.523183716208955,75.0,2.5460877241017617
671,2026-06-28 23:00:00,0.43610317894529443,3.7531802421862888,4.686493432919474,24.463332081108945,75.0,2.956637283080349
672,2026-06-29 00:00:00,0.3675551535520034,3.0461059482160513,4.336806556556194,20.093601101339267,75.0,2.4674998914466095
673,2026-06-29 01:00:00,0.4108268139847985,3.411670343531415,4.138392307731712,23.293480273053895,75.0,2.8085917279037504
674,2026-06-29 02:00:00,0.5291690095877122,3.2985291654414404,3.6623470059657106,18.92451392366703,75.0,2.412527749013066
675,2026-06-29 03:00:00,0.4017733162150705,3.626305290636269,4.172706350667035,28.8041668937954,75.0,3.359916952737516
676,2026-06-29 04:00:00,0.6065086729049938,3.358111795018713,5.268357738187566,20.146617735220257,75.0,2.6115766715235846
677,2026-06-29 05:00:00,0.42015163365921804,4.343426550548186,3.9022480397751056,18.381885902877833,75.0,2.3313617172308305
678,2026-06-29 06:00:00,0.5902432297922887,3.6176909900631435,4.380937321778764,8.83813574764171,75.0,1.4553621546824373
679,2026-06-29 07:00:00,0.45105357275497787,3.4409984606619837,3.9455777355963204,23.522974661466986,75.0,2.8457758007493177
680,2026-06-29 08:00:00,0.5037337369582982,4.195551747363176,4.418761399006918,27.128697245815427,75.0,3.255067460821108
681,2026-06-29 09:00:00,0.5086782267351544,4.1494615883577755,4.523116120857812,30.972084927793297,75.0,3.6435289999531135
682,2026-06-29 10:00:00,0.589487949139857,3.1140687904202435,4.01673426188801,24.979200440103583,75.0,3.051621253033621
683,2026-06-29 11:00:00,0.4474318840189363,4.109783359737745,4.800657434755346,24.525943870654245,75.0,2.976924580484212
684,2026-06-29 12:00:00,0.3926051112243606,3.678944393557595,5.123799566014592,25.73054130610269,75.0,3.0729775635074748
685,2026-06-29 13:00:00,0.47135298547198995,3.891364466164083,4.636600335226864,27.707248592523015,75.0,3.29835381865293
686,2026-06-29 14:00:00,0.4163032736200721,3.1568923130811135,3.7877384920407966,23.925566333581873,75.0,2.8613152848115115
687,2026-06-29 15:00:00,0.5825769247401872,4.725159883170825,3.9458999596671975,24.84359343724757,75.0,3.0599515098359307
688,2026-06-29 16:00:00,0.4936927529097886,3.1733986796433387,5.063600127591484,22.12530650478917,75.0,2.749179170141017
689,2026-06-29 17:00:00,0.5317019623105707,3.674288713470033,4.7910537966084865,21.43153902052296,75.0,2.698879642701397
690,2026-06-29 18:00:00,0.4671382166833893,3.958987777618134,5.147655014269656,19.42871859416301,75.0,2.482458963081469
691,2026-06-29 19:00:00,0.40896828375418837,3.6376649673647874,3.9191126696120393,27.29437402208176,75.0,3.206107905734076
692,2026-06-29 20:00:00,0.30463068507579066,4.544816107874978,4.711672378897249,24.69101426478367,75.0,2.932549293636922
693,2026-06-29 21:00:00,0.40847737337306333,3.2250397874960006,4.472124379994364,23.391246794376496,75.0,2.822516815369904
694,2026-06-29 22:00:00,0.5859061438276294,2.7631642595205537,4.203035158523563,17.9547032412104,75.0,2.3463275057985276
695,2026-06-29 23:00:00,0.3772843731074518,3.9625260450924853,4.35144056988958,27.36986008809368,75.0,3.2152557177622514
696,2026-06-30 00:00:00,0.44963104810471993,3.2109022087196757,4.097266540339438,23.09739854642361,75.0,2.802518921992606
697,2026-06-30 01:00:00,0.5180490918629639,3.712919844029251,4.570287832920173,19.591167616069306,75.0,2.503665880517838
698,2026-06-30 02:00:00,0.5705208622485699,3.488075554880603,4.07056554032729,29.646298706646565,75.0,3.5171562676195696
699,2026-06-30 03:00:00,0.594585648992116,3.9301554459981327,3.840078037772718,17.430477863564686,75.0,2.308286818583677
700,2026-06-30 04:00:00,0.6322444631814383,3.3092160741612133,4.125820540693574,18.613342933831078,75.0,2.440748889817025
701,2026-06-30 05:00:00,0.37070313620934564,3.3474091726530606,3.1148732399189294,17.70434557743532,75.0,2.2045006416201867
702,2026-06-30 06:00:00,0.457547521135791,3.7161463396687844,3.9141908893723216,24.276436202850032,75.0,2.9279202886604603
703,2026-06-30 07:00:00,0.5040509763551344,3.6951400160409684,4.171224021114689,31.0669092312728,75.0,3.634506447580657
704,2026-06-30 08:00:00,0.6267223414246081,3.4718011758161653,3.7519439648785995,27.50191572384182,75.0,3.3204203345368986
705,2026-06-30 09:00:00,0.6135004093995033,4.355892181607609,3.6282656519212315,17.054652318947994,75.0,2.281234456154673
706,2026-06-30 10:00:00,0.6897693626476235,3.9390862338348756,4.234957748031826,23.292639895248335,75.0,2.9484548057365463
707,2026-06-30 11:00:00,0.5662544149830672,2.8873539238007044,4.5992449151635775,21.850488040808806,75.0,2.7388110287148812
708,2026-06-30 12:00:00,0.3544167448009673,3.222980395393245,4.711970862132068,25.851931836711255,75.0,3.0495960991141424
709,2026-06-30 13:00:00,0.6531782252794561,4.460745437526166,4.790466056047003,13.716821528652616,75.0,1.9965667795920283
710,2026-06-30 14:00:00,0.7105412524492815,3.8049226676885013,4.2972865907210265,20.519497641074125,75.0,2.6800497680128856
711,2026-06-30 15:00:00,0.5349689818363984,4.378752338591384,3.472071071241098,25.396452616071137,75.0,3.0756453497064853
712,2026-06-30 16:00:00,0.48481794970404873,3.6283515779817024,3.8100664354472333,25.086850478726898,75.0,3.01748171051879
713,2026-06-30 17:00:00,0.6188866461416451,3.773600053082059,5.016899976322873,28.39503394914506,75.0,3.4427695638951112
714,2026-06-30 18:00:00,0.6521125507187094,4.181166456256118,4.355903461635997,23.66272157448803,75.0,2.975141219830193
715,2026-06-30 19:00:00,0.5629510436018813,3.653553458441372,3.6301647435394417,18.50848805546049,75.0,2.391629385188294
716,2026-06-30 20:00:00,0.402862549789166,4.380482002219592,4.709023933865527,21.383294675003654,75.0,2.6443100054860698
717,2026-06-30 21:00:00,0.6348495256697819,3.8216822995606945,4.4063500909427535,17.489825431779202,75.0,2.3451538186578063
718,2026-06-30 22:00:00,0.4836174143735793,3.075925452044384,4.287554847043493,23.58548106669949,75.0,2.8695207842775527
719,2026-06-30 23:00:00,0.4752623758669262,3.670886094143203,3.858347360694178,23.10089778599258,75.0,2.8163921081313203
720,2026-07-01 00:00:00,0.4884312770096423,3.3545803469542146,4.159335334353445,26.5739681789752,75.0,3.1720300386914753
